date,cash,market_value,equity
2020-01-02,1000000.0,0.0,1000000.0
2020-01-03,1000000.0,0.0,1000000.0
2020-01-06,1000000.0,0.0,1000000.0
2020-01-07,1000000.0,0.0,1000000.0
2020-01-08,1000000.0,0.0,1000000.0
2020-01-09,1000000.0,0.0,1000000.0
2020-01-10,1000000.0,0.0,1000000.0
2020-01-13,1000000.0,0.0,1000000.0
2020-01-14,1000000.0,0.0,1000000.0
2020-01-15,1000000.0,0.0,1000000.0
2020-01-16,1000000.0,0.0,1000000.0
2020-01-17,1000000.0,0.0,1000000.0
2020-01-20,1000000.0,0.0,1000000.0
2020-01-30,1000000.0,0.0,1000000.0
2020-01-31,1000000.0,0.0,1000000.0
2020-02-03,1000000.0,0.0,1000000.0
2020-02-04,1000000.0,0.0,1000000.0
2020-02-05,1000000.0,0.0,1000000.0
2020-02-06,1000000.0,0.0,1000000.0
2020-02-07,1000000.0,0.0,1000000.0
2020-02-10,1000000.0,0.0,1000000.0
2020-02-11,1000000.0,0.0,1000000.0
2020-02-12,1000000.0,0.0,1000000.0
2020-02-13,1000000.0,0.0,1000000.0
2020-02-14,1000000.0,0.0,1000000.0
2020-02-17,1000000.0,0.0,1000000.0
2020-02-18,1000000.0,0.0,1000000.0
2020-02-19,1000000.0,0.0,1000000.0
2020-02-20,1000000.0,0.0,1000000.0
2020-02-21,1000000.0,0.0,1000000.0
2020-02-24,1000000.0,0.0,1000000.0
2020-02-25,1000000.0,0.0,1000000.0
2020-02-26,1000000.0,0.0,1000000.0
2020-02-27,1000000.0,0.0,1000000.0
2020-03-02,1000000.0,0.0,1000000.0
2020-03-03,1000000.0,0.0,1000000.0
2020-03-04,1000000.0,0.0,1000000.0
2020-03-05,1000000.0,0.0,1000000.0
2020-03-06,1000000.0,0.0,1000000.0
2020-03-09,1000000.0,0.0,1000000.0
2020-03-10,1000000.0,0.0,1000000.0
2020-03-11,1000000.0,0.0,1000000.0
2020-03-12,1000000.0,0.0,1000000.0
2020-03-13,1000000.0,0.0,1000000.0
2020-03-16,1000000.0,0.0,1000000.0
2020-03-17,1000000.0,0.0,1000000.0
2020-03-18,1000000.0,0.0,1000000.0
2020-03-19,1000000.0,0.0,1000000.0
2020-03-20,1000000.0,0.0,1000000.0
2020-03-23,1000000.0,0.0,1000000.0
2020-03-24,1000000.0,0.0,1000000.0
2020-03-25,1000000.0,0.0,1000000.0
2020-03-26,1000000.0,0.0,1000000.0
2020-03-27,1000000.0,0.0,1000000.0
2020-03-30,1000000.0,0.0,1000000.0
2020-03-31,1000000.0,0.0,1000000.0
2020-04-01,1000000.0,0.0,1000000.0
2020-04-06,1000000.0,0.0,1000000.0
2020-04-07,1000000.0,0.0,1000000.0
2020-04-08,1000000.0,0.0,1000000.0
2020-04-09,1000000.0,0.0,1000000.0
2020-04-10,1000000.0,0.0,1000000.0
2020-04-13,1000000.0,0.0,1000000.0
2020-04-14,1000000.0,0.0,1000000.0
2020-04-15,1000000.0,0.0,1000000.0
2020-04-16,1000000.0,0.0,1000000.0
2020-04-17,1000000.0,0.0,1000000.0
2020-04-20,1000000.0,0.0,1000000.0
2020-04-21,1000000.0,0.0,1000000.0
2020-04-22,1000000.0,0.0,1000000.0
2020-04-23,1000000.0,0.0,1000000.0
2020-04-24,1000000.0,0.0,1000000.0
2020-04-27,1000000.0,0.0,1000000.0
2020-04-28,1000000.0,0.0,1000000.0
2020-04-29,1000000.0,0.0,1000000.0
2020-04-30,1000000.0,0.0,1000000.0
2020-05-04,1000000.0,0.0,1000000.0
2020-05-05,1000000.0,0.0,1000000.0
2020-05-06,1000000.0,0.0,1000000.0
2020-05-07,1000000.0,0.0,1000000.0
2020-05-08,1000000.0,0.0,1000000.0
2020-05-11,800001.6862340542,199514.204744339,999515.8909783931
2020-05-12,800001.6862340542,196458.18791770935,996459.8741517635
2020-05-13,800001.6862340542,197331.35813713074,997333.0443711849
2020-05-14,800001.6862340542,193402.1710910797,993403.8573251339
2020-05-15,800001.6862340542,192092.43549728394,992094.1217313381
2020-05-18,601064.0207814166,389710.5627307892,990774.5835122057
2020-05-19,601064.0207814166,386253.1681995392,987317.1889809557
2020-05-20,601064.0207814166,385634.92157936096,986698.9423607775
2020-05-21,601064.0207814166,397135.2364654541,998199.2572468707
2020-05-22,601064.0207814166,391494.96310043335,992558.9838818499
2020-05-25,601064.0207814166,390548.5541496277,991612.5749310442
2020-05-26,601064.0207814166,387636.1066761017,988700.1274575182
2020-05-27,601064.0207814166,381740.8935985565,982804.9143799731
2020-05-28,601064.0207814166,381486.0255832672,982550.0463646838
2020-05-29,601064.0207814166,385125.08162498474,986189.1024064013
2020-06-01,403793.87438923103,577831.8217449188,981625.6961341498
2020-06-02,205764.15534495877,779999.4905662537,985763.6459112124
2020-06-03,205764.15534495877,789805.5578861237,995569.7132310824
2020-06-04,205764.15534495877,788718.8094234467,994482.9647684054
2020-06-05,205764.15534495877,796240.8826656342,1002005.0380105929
2020-06-08,205764.15534495877,798979.0158348083,1004743.1711797671
2020-06-09,205764.15534495877,805941.4104118347,1011705.5657567935
2020-06-10,205764.15534495877,822147.0436439514,1027911.1989889102
2020-06-11,205764.15534495877,811222.927728653,1016987.0830736117
2020-06-12,205764.15534495877,817385.1032009125,1023149.2585458712
2020-06-15,205764.15534495877,807067.2675151825,1012831.4228601413
2020-06-16,133.67385741116595,1028622.6240634918,1028756.297920903
2020-06-17,133.67385741116595,1031954.1687793732,1032087.8426367843
2020-06-18,133.67385741116595,1051125.0537071228,1051258.727564534
2020-06-19,133.67385741116595,1029738.6530590057,1029872.3269164169
2020-06-22,133.67385741116595,1038444.0980186462,1038577.7718760574
2020-06-23,133.67385741116595,1028134.1064853668,1028267.780342778
2020-06-24,177135.54278408375,868712.0787067413,1045847.6214908251
2020-06-29,177135.54278408375,849374.7345981598,1026510.2773822435
2020-06-30,177135.54278408375,845641.2507266998,1022776.7935107836
2020-07-01,177135.54278408375,869660.1785526276,1046795.7213367113
2020-07-02,177135.54278408375,873212.8266735077,1050348.3694575913
2020-07-03,177135.54278408375,877975.8881969452,1055111.4309810288
2020-07-06,177135.54278408375,908006.4651432037,1085142.0079272874
2020-07-07,177135.54278408375,894623.7773933411,1071759.3201774247
2020-07-08,177135.54278408375,905069.6379680634,1082205.180752147
2020-07-09,177135.54278408375,913220.8967342377,1090356.4395183213
2020-07-10,177135.54278408375,888147.8530826569,1065283.3958667405
2020-07-13,177135.54278408375,882399.539937973,1059535.0827220567
2020-07-14,351126.9195341641,689491.2697124481,1040618.1892466121
2020-07-15,351126.9195341641,677867.9219875336,1028994.8415216976
2020-07-16,351126.9195341641,682322.2886810303,1033449.2082151943
2020-07-17,351126.9195341641,675330.7405834198,1026457.6601175838
2020-07-20,351126.9195341641,674156.2364292145,1025283.1559633785
2020-07-21,351126.9195341641,697617.0933055878,1048744.0128397518
2020-07-22,351126.9195341641,690700.7098140717,1041827.6293482357
2020-07-23,351126.9195341641,709865.848449707,1060992.767983871
2020-07-24,351126.9195341641,685274.2811279297,1036401.2006620937
2020-07-27,533011.5293373247,514898.16846847534,1047909.6978058
2020-07-28,533011.5293373247,497950.55697250366,1030962.0863098283
2020-07-29,533011.5293373247,520584.8974761963,1053596.426813521
2020-07-30,533011.5293373247,513045.31228637695,1046056.8416237016
2020-07-31,533011.5293373247,521672.2583732605,1054683.7877105852
2020-08-03,325072.3383245347,712659.5079841614,1037731.8463086961
2020-08-04,325072.3383245347,720178.2009429932,1045250.5392675279
2020-08-05,325072.3383245347,738582.7556915283,1063655.094016063
2020-08-06,325072.3383245347,754705.586013794,1079777.9243383287
2020-08-07,325072.3383245347,757039.6219291687,1082111.9602537034
2020-08-10,325072.3383245347,735651.2490119934,1060723.587336528
2020-08-11,325072.3383245347,727281.2320861816,1052353.5704107163
2020-08-12,325072.3383245347,705315.3366661072,1030387.6749906419
2020-08-13,325072.3383245347,725065.9039878845,1050138.2423124192
2020-08-14,325072.3383245347,737460.9714355469,1062533.3097600816
2020-08-17,325072.3383245347,732521.230091095,1057593.5684156297
2020-08-18,117047.8383148133,918655.9897193909,1035703.8280342042
2020-08-19,73.24760891887126,1038464.6647987366,1038537.9124076555
2020-08-20,73.24760891887126,1005320.0839653015,1005393.3315742204
2020-08-21,73.24760891887126,1026044.3222503662,1026117.5698592851
2020-08-24,73.24760891887126,1044349.1724624634,1044422.4200713823
2020-08-25,73.24760891887126,1043137.134677887,1043210.3822868059
2020-08-26,73.24760891887126,1056602.4561767578,1056675.7037856767
2020-08-27,73.24760891887126,1044686.5810852051,1044759.828694124
2020-08-28,73.24760891887126,1045834.4964599609,1045907.7440688799
2020-08-31,73.24760891887126,1041241.2944908142,1041314.5420997331
2020-09-01,73.24760891887126,1028346.6431999207,1028419.8908088396
2020-09-02,73.24760891887126,1042692.8297843933,1042766.0773933122
2020-09-03,73.24760891887126,1051150.745979309,1051223.993588228
2020-09-04,73.24760891887126,1017234.473701477,1017307.721310396
2020-09-07,73.24760891887126,973124.4664535522,973197.7140624712
2020-09-08,73.24760891887126,998792.5267448425,998865.7743537615
2020-09-09,73.24760891887126,989803.2797851562,989876.5273940752
2020-09-10,73.24760891887126,989440.8892288208,989514.1368377397
2020-09-11,73.24760891887126,992486.4834861755,992559.7310950945
2020-09-14,73.24760891887126,996496.5689544678,996569.8165633867
2020-09-15,73.24760891887126,1006026.6876792908,1006099.9352882097
2020-09-16,73.24760891887126,1024399.8713378906,1024473.1189468096
2020-09-17,73.24760891887126,1017543.4810943604,1017616.7287032793
2020-09-18,73.24760891887126,1004739.0640182495,1004812.3116271684
2020-09-21,73.24760891887126,992776.3205947876,992849.5682037065
2020-09-22,4.118688880174886,985952.2839431763,985956.4026320565
2020-09-23,4.118688880174886,988226.3988685608,988230.517557441
2020-09-24,4.118688880174886,945532.4241638184,945536.5428526986
2020-09-25,4.118688880174886,938517.2038574219,938521.3225463021
2020-09-28,4.118688880174886,960640.4709510803,960644.5896399606
2020-09-29,4.118688880174886,949796.0247001648,949800.143389045
2020-09-30,4.118688880174886,964453.0125160217,964457.131204902
2020-10-05,4.118688880174886,976845.5458831787,976849.664572059
2020-10-06,4.118688880174886,984065.083770752,984069.2024596322
2020-10-07,4.118688880174886,990758.9358291626,990763.0545180428
2020-10-08,4.118688880174886,1004215.0561561584,1004219.1748450387
2020-10-12,4.118688880174886,998451.1141777039,998455.2328665841
2020-10-13,4.118688880174886,1008287.1137199402,1008291.2324088204
2020-10-14,4.118688880174886,998510.5037498474,998514.6224387276
2020-10-15,4.118688880174886,998149.9395866394,998154.0582755196
2020-10-16,4.118688880174886,990676.4691162109,990680.5878050912
2020-10-19,4.118688880174886,1005458.0200881958,1005462.138777076
2020-10-20,4.118688880174886,1038935.3944091797,1038939.5130980599
2020-10-21,4.118688880174886,1035995.4355583191,1035999.5542471993
2020-10-22,4.118688880174886,1024515.7108345032,1024519.8295233834
2020-10-23,4.118688880174886,1022345.2329444885,1022349.3516333688
2020-10-26,4.118688880174886,1019717.8612632751,1019721.9799521554
2020-10-27,4.118688880174886,1016207.269405365,1016211.3880942452
2020-10-28,4.118688880174886,1008041.6236877441,1008045.7423766244
2020-10-29,200795.7189087944,800067.6535644531,1000863.3724732476
2020-10-30,455765.0650483513,525171.0178375244,980936.0828858757
2020-11-02,257926.70179931956,726795.2890777588,984721.9908770784
2020-11-03,257926.70179931956,745354.8582458496,1003281.5600451692
2020-11-04,257926.70179931956,758263.7728118896,1016190.4746112092
2020-11-05,257926.70179931956,759463.6719207764,1017390.373720096
2020-11-06,257926.70179931956,754516.1054840088,1012442.8072833284
2020-11-09,257926.70179931956,769890.066116333,1027816.7679156526
2020-11-10,257926.70179931956,732804.7416534424,990731.443452762
2020-11-11,232657.95956017822,732421.4988250732,965079.4583852515
2020-11-12,232657.95956017822,734531.0350036621,967188.9945638403
2020-11-13,232657.95956017822,741970.5396270752,974628.4991872534
2020-11-16,232657.95956017822,746205.6283721924,978863.5879323706
2020-11-17,232657.95956017822,752888.1781158447,985546.137676023
2020-11-18,232657.95956017822,760863.0426025391,993521.0021627173
2020-11-19,232657.95956017822,749493.2255401611,982151.1851003394
2020-11-20,232657.95956017822,746574.3941040039,979232.3536641821
2020-11-23,232657.95956017822,755115.813659668,987773.7732198462
2020-11-24,232657.95956017822,748845.1666107178,981503.126170896
2020-11-25,232657.95956017822,747167.4227142334,979825.3822744116
2020-11-26,232657.95956017822,753114.8722686768,985772.831828855
2020-11-27,232657.95956017822,753096.3938903809,985754.3534505591
2020-11-30,232657.95956017822,747915.4615631104,980573.4211232886
2020-12-01,232657.95956017822,749273.4332122803,981931.3927724585
2020-12-02,232657.95956017822,748054.0501556396,980712.0097158179
2020-12-03,232657.95956017822,744336.8243865967,976994.7839467749
2020-12-04,232657.95956017822,746853.8410644531,979511.8006246313
2020-12-07,232657.95956017822,741124.240447998,973782.2000081763
2020-12-08,400509.20939390967,574135.8929443359,974645.1023382456
2020-12-09,400509.20939390967,569150.0525665283,969659.261960438
2020-12-10,400509.20939390967,557538.9228515625,958048.1322454722
2020-12-11,400509.20939390967,556722.8359222412,957232.0453161509
2020-12-14,400509.20939390967,553377.8423309326,953887.0517248423
2020-12-15,400509.20939390967,545908.2726745605,946417.4820684702
2020-12-16,209323.05880123927,747592.1388702393,956915.1976714785
2020-12-17,209323.05880123927,746758.7418365479,956081.8006377871
2020-12-18,209323.05880123927,745390.0363769531,954713.0951781924
2020-12-21,209323.05880123927,746349.072052002,955672.1308532412
2020-12-22,496484.7878732144,438556.52325439453,935041.3111276089
2020-12-23,496484.7878732144,438244.8525695801,934729.6404427944
2020-12-24,496484.7878732144,438430.3723754883,934915.1602487026
2020-12-25,496484.7878732144,438304.31648254395,934789.1043557583
2020-12-28,496484.7878732144,441228.44842529297,937713.2362985073
2020-12-29,496484.7878732144,440605.0958404541,937089.8837136684
2020-12-30,496484.7878732144,444331.0337219238,940815.8215951382
2020-12-31,496484.7878732144,446817.43341064453,943302.2212838589
2021-01-04,496484.7878732144,452294.33908081055,948779.1269540249
2021-01-05,496484.7878732144,454654.6213989258,951139.4092721401
2021-01-06,496484.7878732144,459070.50370788574,955555.2915811001
2021-01-07,496484.7878732144,465468.37229919434,961953.1601724087
2021-01-08,496484.7878732144,472304.02894592285,968788.8168191372
2021-01-11,496484.7878732144,475539.8091430664,972024.5970162807
2021-01-12,496484.7878732144,478397.39936828613,974882.1872415005
2021-01-13,496484.7878732144,485982.4030151367,982467.1908883511
2021-01-14,496484.7878732144,478894.56202697754,975379.3499001919
2021-01-15,496484.7878732144,480253.1230316162,976737.9109048306
2021-01-18,496484.7878732144,485730.2689361572,982215.0568093716
2021-01-19,496484.7878732144,496922.2265625,993407.0144357143
2021-01-20,496484.7878732144,502504.1226654053,998988.9105386196
2021-01-21,496484.7878732144,514186.31607055664,1010671.103943771
2021-01-22,496484.7878732144,501628.59114074707,998113.3790139614
2021-01-25,496484.7878732144,495230.75619506836,991715.5440682827
2021-01-26,496484.7878732144,486027.7618560791,982512.5497292934
2021-01-27,496484.7878732144,485344.8168640137,981829.604737228
2021-01-28,303094.77204264945,665240.2019805908,968334.9740232403
2021-01-29,303094.77204264945,660322.0305175781,963416.8025602276
2021-02-01,303094.77204264945,680492.3979949951,983587.1700376446
2021-02-02,303094.77204264945,698924.1026000977,1002018.8746427471
2021-02-03,303094.77204264945,698132.6745758057,1001227.4466184551
2021-02-04,303094.77204264945,696463.7144165039,999558.4864591534
2021-02-05,303094.77204264945,701863.741607666,1004958.5136503155
2021-02-17,303094.77204264945,720930.5954589844,1024025.3675016338
2021-02-18,303094.77204264945,726152.8149719238,1029247.5870145733
2021-02-19,303094.77204264945,711034.6279907227,1014129.4000333721
2021-02-22,303094.77204264945,705622.2847595215,1008717.0568021709
2021-02-23,468895.4406693368,533804.9805908203,1002700.4212601571
2021-02-24,468895.4406693368,534575.6836853027,1003471.1243546396
2021-02-25,468895.4406693368,542353.4859924316,1011248.9266617685
2021-02-26,468895.4406693368,528867.7316894531,997763.17235879
2021-03-02,468895.4406693368,528489.4747009277,997384.9153702646
2021-03-03,468895.4406693368,551472.8458557129,1020368.2865250497
2021-03-04,468895.4406693368,545081.9376525879,1013977.3783219247
2021-03-05,468895.4406693368,541030.1514587402,1009925.592128077
2021-03-08,468895.4406693368,536733.3589782715,1005628.7996476083
2021-03-09,468895.4406693368,539604.9592895508,1008500.3999588876
2021-03-10,468895.4406693368,544651.3391418457,1013546.7798111825
2021-03-11,468895.4406693368,561527.2402038574,1030422.6808731942
2021-03-12,468895.4406693368,562766.8955383301,1031662.3362076669
2021-03-15,468895.4406693368,573742.1020202637,1042637.5426896005
2021-03-16,44958.379069211456,1014950.3643188477,1059908.743388059
2021-03-17,44958.379069211456,1015507.5007896423,1060465.8798588538
2021-03-18,44958.379069211456,1002229.8850402832,1047188.2641094946
2021-03-19,44958.379069211456,993388.2980003357,1038346.6770695471
2021-03-22,44958.379069211456,1010455.1824836731,1055413.5615528845
2021-03-23,44958.379069211456,1022698.3275604248,1067656.7066296362
2021-03-24,44958.379069211456,1014779.0784378052,1059737.4575070166
2021-03-25,44958.379069211456,1019700.5843963623,1064658.9634655737
2021-03-26,5.782008548085287,1101813.6082992554,1101819.3903078034
2021-03-29,5.782008548085287,1115389.4650039673,1115395.2470125153
2021-03-30,5.782008548085287,1123128.371810913,1123134.1538194611
2021-03-31,5.782008548085287,1139963.7042388916,1139969.4862474396
2021-04-01,5.782008548085287,1151900.7742919922,1151906.5563005402
2021-04-07,5.782008548085287,1227008.730064392,1227014.5120729401
2021-04-08,5.782008548085287,1287453.5381698608,1287459.3201784089
2021-04-09,5.782008548085287,1346525.4955291748,1346531.2775377228
2021-04-12,5.782008548085287,1370917.2968673706,1370923.0788759186
2021-04-13,5.782008548085287,1319312.3912658691,1319318.1732744172
2021-04-14,5.782008548085287,1274723.7776412964,1274729.5596498444
2021-04-15,5.782008548085287,1305823.8086395264,1305829.5906480744
2021-04-16,5.782008548085287,1311985.3527755737,1311991.1347841218
2021-04-19,5.782008548085287,1308024.4793319702,1308030.2613405182
2021-04-20,5.782008548085287,1299368.4453430176,1299374.2273515656
2021-04-21,5.782008548085287,1321811.5710144043,1321817.3530229523
2021-04-22,5.782008548085287,1279911.2368011475,1279917.0188096955
2021-04-23,5.782008548085287,1309477.171951294,1309482.953959842
2021-04-26,5.782008548085287,1343384.190437317,1343389.972445865
2021-04-27,5.782008548085287,1325387.1265945435,1325392.9086030915
2021-04-28,5.782008548085287,1294459.9362564087,1294465.7182649567
2021-04-29,5.782008548085287,1303768.826965332,1303774.60897388
2021-05-03,5.782008548085287,1280610.859703064,1280616.641711612
2021-05-04,5.782008548085287,1285597.3281555176,1285603.1101640656
2021-05-05,5.782008548085287,1248834.8971862793,1248840.6791948273
2021-05-06,5.782008548085287,1240896.2025146484,1240901.9845231965
2021-05-07,5.782008548085287,1285578.2519226074,1285584.0339311555
2021-05-10,5.782008548085287,1264496.3834228516,1264502.1654313996
2021-05-11,5.782008548085287,1243446.269569397,1243452.051577945
2021-05-12,309680.78921361896,904639.8580932617,1214320.6473068807
2021-05-13,309680.78921361896,906890.2713623047,1216571.0605759236
2021-05-14,309680.78921361896,865945.2409744263,1175626.0301880452
2021-05-17,309680.78921361896,812570.3065872192,1122251.0958008382
2021-05-18,309680.78921361896,849391.4411315918,1159072.2303452108
2021-05-19,309680.78921361896,886494.4205245972,1196175.2097382161
2021-05-20,309680.78921361896,871583.8391799927,1181264.6283936116
2021-05-21,309680.78921361896,899305.368095398,1208986.157309017
2021-05-24,309680.78921361896,900962.1094436646,1210642.8986572835
2021-05-25,309680.78921361896,906542.4332199097,1216223.2224335286
2021-05-26,309680.78921361896,929668.4053573608,1239349.1945709798
2021-05-27,309680.78921361896,956523.1604614258,1266203.9496750447
2021-05-28,309680.78921361896,955814.7994155884,1265495.5886292073
2021-05-31,309680.78921361896,945635.0439224243,1255315.8331360433
2021-06-01,309680.78921361896,962218.5078582764,1271899.2970718953
2021-06-02,309680.78921361896,956752.9263076782,1266433.7155212972
2021-06-03,309680.78921361896,963405.771736145,1273086.560949764
2021-06-04,309680.78921361896,951605.6297912598,1261286.4190048787
2021-06-07,309680.78921361896,936956.4803848267,1246637.2695984456
2021-06-08,58526.51015204322,1197485.7165527344,1256012.2267047777
2021-06-09,58526.51015204322,1227693.8374786377,1286220.347630681
2021-06-10,58526.51015204322,1225443.3999938965,1283969.9101459398
2021-06-11,58526.51015204322,1225740.4319381714,1284266.9420902147
2021-06-15,58526.51015204322,1249183.3354797363,1307709.8456317796
2021-06-16,58526.51015204322,1207963.901260376,1266490.4114124193
2021-06-17,58526.51015204322,1221810.4170455933,1280336.9271976366
2021-06-18,58526.51015204322,1232938.8847579956,1291465.394910039
2021-06-21,14.479984006618906,1273784.8306427002,1273799.3106267068
2021-06-22,14.479984006618906,1278025.9330291748,1278040.4130131814
2021-06-23,14.479984006618906,1297101.1100769043,1297115.590060911
2021-06-24,14.479984006618906,1340248.3391571045,1340262.819141111
2021-06-25,14.479984006618906,1340772.6652526855,1340787.1452366922
2021-06-28,14.479984006618906,1332981.11063385,1332995.5906178567
2021-06-29,14.479984006618906,1282837.8843536377,1282852.3643376443
2021-06-30,14.479984006618906,1300603.3533248901,1300617.8333088967
2021-07-01,14.479984006618906,1286088.0494918823,1286102.529475889
2021-07-02,14.479984006618906,1288749.4711456299,1288763.9511296365
2021-07-05,14.479984006618906,1315293.7865829468,1315308.2665669534
2021-07-06,14.479984006618906,1317920.082748413,1317934.5627324197
2021-07-07,14.479984006618906,1291744.4717788696,1291758.9517628762
2021-07-08,14.479984006618906,1314918.2510986328,1314932.7310826394
2021-07-09,14.479984006618906,1307380.717765808,1307395.1977498147
2021-07-12,14.479984006618906,1306900.7997512817,1306915.2797352883
2021-07-13,14.479984006618906,1274914.5334243774,1274929.013408384
2021-07-14,14.479984006618906,1284101.3250656128,1284115.8050496194
2021-07-15,14.479984006618906,1302312.220123291,1302326.7001072976
2021-07-16,14.479984006618906,1302771.1207427979,1302785.6007268045
2021-07-19,14.479984006618906,1318384.3988876343,1318398.878871641
2021-07-20,14.479984006618906,1289786.119102478,1289800.5990864846
2021-07-21,14.479984006618906,1296064.6953048706,1296079.1752888772
2021-07-22,14.479984006618906,1317393.7099075317,1317408.1898915383
2021-07-23,14.479984006618906,1328686.4933013916,1328700.9732853982
2021-07-26,14.479984006618906,1367975.6852416992,1367990.1652257058
2021-07-27,14.479984006618906,1379151.4099197388,1379165.8899037454
2021-07-28,14.479984006618906,1326023.738243103,1326038.2182271096
2021-07-29,14.479984006618906,1359576.5945968628,1359591.0745808694
2021-07-30,14.479984006618906,1369972.408996582,1369986.8889805886
2021-08-02,14.479984006618906,1389397.0655593872,1389411.5455433938
2021-08-03,14.479984006618906,1386725.8750991821,1386740.3550831887
2021-08-04,14.479984006618906,1403468.5166244507,1403482.9966084573
2021-08-05,14.479984006618906,1412963.9142532349,1412978.3942372415
2021-08-06,14.479984006618906,1394120.9467086792,1394135.4266926858
2021-08-09,14.479984006618906,1321841.6525497437,1321856.1325337503
2021-08-10,338320.17372993444,974549.8336791992,1312870.0074091337
2021-08-11,338320.17372993444,948977.4321899414,1287297.605919876
2021-08-12,338320.17372993444,961171.708908081,1299491.8826380156
2021-08-13,338320.17372993444,928924.1738891602,1267244.3476190947
2021-08-16,1247321.2461472538,0.0,1247321.2461472538
2021-08-17,1247321.2461472538,0.0,1247321.2461472538
2021-08-18,1247321.2461472538,0.0,1247321.2461472538
2021-08-19,1247321.2461472538,0.0,1247321.2461472538
2021-08-20,1247321.2461472538,0.0,1247321.2461472538
2021-08-23,1247321.2461472538,0.0,1247321.2461472538
2021-08-24,1247321.2461472538,0.0,1247321.2461472538
2021-08-25,1247321.2461472538,0.0,1247321.2461472538
2021-08-26,1247321.2461472538,0.0,1247321.2461472538
2021-08-27,1247321.2461472538,0.0,1247321.2461472538
2021-08-30,1247321.2461472538,0.0,1247321.2461472538
2021-08-31,1247321.2461472538,0.0,1247321.2461472538
2021-09-01,1247321.2461472538,0.0,1247321.2461472538
2021-09-02,1247321.2461472538,0.0,1247321.2461472538
2021-09-03,1247321.2461472538,0.0,1247321.2461472538
2021-09-06,1247321.2461472538,0.0,1247321.2461472538
2021-09-07,1247321.2461472538,0.0,1247321.2461472538
2021-09-08,1247321.2461472538,0.0,1247321.2461472538
2021-09-09,1247321.2461472538,0.0,1247321.2461472538
2021-09-10,998192.2698472934,243752.3660888672,1241944.6359361606
2021-09-13,998192.2698472934,246735.8438720703,1244928.1137193637
2021-09-14,998192.2698472934,261056.71813964844,1259248.9879869418
2021-09-15,998192.2698472934,248227.61291503906,1246419.8827623324
2021-09-16,998192.2698472934,243155.64038085938,1241347.9102281528
2021-09-17,749532.8296825346,498386.18963623047,1247919.019318765
2021-09-22,749532.8296825346,495234.6690673828,1244767.4987499174
2021-09-23,749532.8296825346,501765.78674316406,1251298.6164256986
2021-09-24,749532.8296825346,511501.0551147461,1261033.8847972807
2021-09-27,749532.8296825346,498942.7375488281,1248475.5672313627
2021-09-28,749532.8296825346,495891.5146484375,1245424.344330972
2021-09-29,719037.3532992661,484917.7910461426,1203955.1443454088
2021-09-30,719037.3532992661,493227.19049072266,1212264.5437899888
2021-10-01,479802.0943707205,709289.3790588379,1189091.4734295583
2021-10-04,245036.7997982708,926977.9961395264,1172014.795937797
2021-10-05,245036.7997982708,931527.5330810547,1176564.3328793254
2021-10-06,451184.54201625346,698705.5523986816,1149890.094414935
2021-10-07,451184.54201625346,715289.0492858887,1166473.591302142
2021-10-08,451184.54201625346,723307.4588317871,1174492.0008480405
2021-10-12,1168964.163389894,0.0,1168964.163389894
2021-10-13,1168964.163389894,0.0,1168964.163389894
2021-10-14,1168964.163389894,0.0,1168964.163389894
2021-10-15,1168964.163389894,0.0,1168964.163389894
2021-10-18,1168964.163389894,0.0,1168964.163389894
2021-10-19,1168964.163389894,0.0,1168964.163389894
2021-10-20,1168964.163389894,0.0,1168964.163389894
2021-10-21,1168964.163389894,0.0,1168964.163389894
2021-10-22,1168964.163389894,0.0,1168964.163389894
2021-10-25,1168964.163389894,0.0,1168964.163389894
2021-10-26,1168964.163389894,0.0,1168964.163389894
2021-10-27,1168964.163389894,0.0,1168964.163389894
2021-10-28,1168964.163389894,0.0,1168964.163389894
2021-10-29,1168964.163389894,0.0,1168964.163389894
2021-11-01,1168964.163389894,0.0,1168964.163389894
2021-11-02,1168964.163389894,0.0,1168964.163389894
2021-11-03,1168964.163389894,0.0,1168964.163389894
2021-11-04,1168964.163389894,0.0,1168964.163389894
2021-11-05,1168964.163389894,0.0,1168964.163389894
2021-11-08,935191.6181555758,235714.26681518555,1170905.8849707614
2021-11-09,935191.6181555758,229445.2757949829,1164636.8939505587
2021-11-10,935191.6181555758,252013.63494873047,1187205.2531043063
2021-11-11,935191.6181555758,265805.4123535156,1200997.0305090914
2021-11-12,935191.6181555758,273328.2413330078,1208519.8594885836
2021-11-15,935191.6181555758,272701.32945251465,1207892.9476080905
2021-11-16,694552.5742234751,501122.6746520996,1195675.2488755747
2021-11-17,694552.5742234751,543656.3157043457,1238208.8899278208
2021-11-18,694552.5742234751,522827.5385284424,1217380.1127519174
2021-11-19,694552.5742234751,547739.0938568115,1242291.6680802866
2021-11-22,694552.5742234751,538959.3121032715,1233511.8863267465
2021-11-23,202690.79718019947,1028215.7507553101,1230906.5479355096
2021-11-24,202690.79718019947,1040211.3642807007,1242902.1614609002
2021-11-25,202690.79718019947,1035878.0267868042,1238568.8239670037
2021-11-26,22.124053564155474,1194861.0696258545,1194883.1936794186
2021-11-29,22.124053564155474,1202083.0662612915,1202105.1903148557
2021-11-30,22.124053564155474,1200178.1846084595,1200200.3086620236
2021-12-01,22.124053564155474,1198140.9393615723,1198163.0634151364
2021-12-02,22.124053564155474,1197604.3313598633,1197626.4554134274
2021-12-03,22.124053564155474,1225717.6346359253,1225739.7586894894
2021-12-06,22.124053564155474,1233379.079925537,1233401.2039791013
2021-12-07,22.124053564155474,1215157.8323669434,1215179.9564205075
2021-12-08,22.124053564155474,1234052.9795837402,1234075.1036373044
2021-12-09,22.124053564155474,1206046.402809143,1206068.5268627072
2021-12-10,22.124053564155474,1182316.5278549194,1182338.6519084836
2021-12-13,22.124053564155474,1161394.1512908936,1161416.2753444577
2021-12-14,22.124053564155474,1135382.662475586,1135404.78652915
2021-12-15,22.124053564155474,1159269.6659240723,1159291.7899776364
2021-12-16,22.124053564155474,1175537.1075210571,1175559.2315746213
2021-12-17,22.124053564155474,1157677.533027649,1157699.657081213
2021-12-20,22.124053564155474,1154598.427810669,1154620.551864233
2021-12-21,22.124053564155474,1151528.8044586182,1151550.9285121823
2021-12-22,22.124053564155474,1152968.540588379,1152990.664641943
2021-12-23,22.124053564155474,1163140.9405593872,1163163.0646129514
2021-12-24,22.124053564155474,1158757.3081970215,1158779.4322505856
2021-12-27,22.124053564155474,1163001.5866622925,1163023.7107158566
2021-12-28,22.124053564155474,1187437.439743042,1187459.5637966061
2021-12-29,22.124053564155474,1203687.2828598022,1203709.4069133664
2021-12-30,22.124053564155474,1199153.4382705688,1199175.562324133
2022-01-03,22.124053564155474,1194524.0664520264,1194546.1905055905
2022-01-04,22.124053564155474,1186956.888885498,1186979.0129390622
2022-01-05,22.124053564155474,1215869.8941574097,1215892.0182109738
2022-01-06,208820.4156254751,944646.9732818604,1153467.3889073355
2022-01-07,208820.4156254751,919816.847076416,1128637.2627018911
2022-01-10,208820.4156254751,919147.4089050293,1127967.8245305044
2022-01-11,208820.4156254751,912410.9426498413,1121231.3582753164
2022-01-12,208820.4156254751,897576.1226348877,1106396.5382603628
2022-01-13,422057.9322100651,674674.3676147461,1096732.299824811
2022-01-14,422057.9322100651,672188.8358306885,1094246.7680407534
2022-01-17,422057.9322100651,687146.9935760498,1109204.9257861148
2022-01-18,422057.9322100651,684990.2730865479,1107048.2052966128
2022-01-19,422057.9322100651,666703.994682312,1088761.926892377
2022-01-20,422057.9322100651,694977.6800918579,1117035.6123019229
2022-01-21,422057.9322100651,678519.64503479,1100577.577244855
2022-01-24,422057.9322100651,676339.4121627808,1098397.3443728457
2022-01-25,422057.9322100651,661311.2643737793,1083369.1965838443
2022-01-26,422057.9322100651,654866.1244430542,1076924.0566531192
2022-02-07,422057.9322100651,675759.1619720459,1097817.0941821109
2022-02-08,422057.9322100651,684422.7078018188,1106480.6400118838
2022-02-09,199857.45922114255,911355.9343109131,1111213.3935320557
2022-02-10,199857.45922114255,908475.0822982788,1108332.5415194214
2022-02-11,199857.45922114255,897308.3766937256,1097165.8359148682
2022-02-14,199857.45922114255,878678.0523452759,1078535.5115664185
2022-02-15,199857.45922114255,905679.7985916138,1105537.2578127563
2022-02-16,199857.45922114255,925934.8032836914,1125792.262504834
2022-02-17,199857.45922114255,965935.4054794312,1165792.8647005737
2022-02-18,199857.45922114255,980249.0694732666,1180106.5286944092
2022-02-21,199857.45922114255,1010022.397354126,1209879.8565752686
2022-02-22,199857.45922114255,1007070.4885864258,1206927.9478075684
2022-02-23,199857.45922114255,982287.7284698486,1182145.1876909912
2022-02-24,617529.4372630281,514858.3296279907,1132387.766891019
2022-02-25,617529.4372630281,526901.4504241943,1144430.8876872226
2022-03-01,617529.4372630281,550079.7993774414,1167609.2366404696
2022-03-02,380290.0963455205,801284.1868591309,1181574.2832046514
2022-03-03,380290.0963455205,822212.4076538086,1202502.5039993292
2022-03-04,380290.0963455205,816514.5651245117,1196804.6614700323
2022-03-07,1174958.7616459336,0.0,1174958.7616459336
2022-03-08,1174958.7616459336,0.0,1174958.7616459336
2022-03-09,1174958.7616459336,0.0,1174958.7616459336
2022-03-10,1174958.7616459336,0.0,1174958.7616459336
2022-03-11,1174958.7616459336,0.0,1174958.7616459336
2022-03-14,1174958.7616459336,0.0,1174958.7616459336
2022-03-15,1174958.7616459336,0.0,1174958.7616459336
2022-03-16,1174958.7616459336,0.0,1174958.7616459336
2022-03-17,1174958.7616459336,0.0,1174958.7616459336
2022-03-18,1174958.7616459336,0.0,1174958.7616459336
2022-03-21,1174958.7616459336,0.0,1174958.7616459336
2022-03-22,1174958.7616459336,0.0,1174958.7616459336
2022-03-23,1174958.7616459336,0.0,1174958.7616459336
2022-03-24,1174958.7616459336,0.0,1174958.7616459336
2022-03-25,1174958.7616459336,0.0,1174958.7616459336
2022-03-28,1174958.7616459336,0.0,1174958.7616459336
2022-03-29,1174958.7616459336,0.0,1174958.7616459336
2022-03-30,704833.7480220192,470020.48376464844,1174854.2317866676
2022-03-31,1168512.6991273407,0.0,1168512.6991273407
2022-04-01,1168512.6991273407,0.0,1168512.6991273407
2022-04-06,1168512.6991273407,0.0,1168512.6991273407
2022-04-07,1168512.6991273407,0.0,1168512.6991273407
2022-04-08,1168512.6991273407,0.0,1168512.6991273407
2022-04-11,1168512.6991273407,0.0,1168512.6991273407
2022-04-12,1168512.6991273407,0.0,1168512.6991273407
2022-04-13,1168512.6991273407,0.0,1168512.6991273407
2022-04-14,1168512.6991273407,0.0,1168512.6991273407
2022-04-15,1168512.6991273407,0.0,1168512.6991273407
2022-04-18,1168512.6991273407,0.0,1168512.6991273407
2022-04-19,1168512.6991273407,0.0,1168512.6991273407
2022-04-20,1168512.6991273407,0.0,1168512.6991273407
2022-04-21,1168512.6991273407,0.0,1168512.6991273407
2022-04-22,1168512.6991273407,0.0,1168512.6991273407
2022-04-25,1168512.6991273407,0.0,1168512.6991273407
2022-04-26,1168512.6991273407,0.0,1168512.6991273407
2022-04-27,1168512.6991273407,0.0,1168512.6991273407
2022-04-28,1168512.6991273407,0.0,1168512.6991273407
2022-04-29,1168512.6991273407,0.0,1168512.6991273407
2022-05-03,1168512.6991273407,0.0,1168512.6991273407
2022-05-04,1168512.6991273407,0.0,1168512.6991273407
2022-05-05,1168512.6991273407,0.0,1168512.6991273407
2022-05-06,1168512.6991273407,0.0,1168512.6991273407
2022-05-09,1168512.6991273407,0.0,1168512.6991273407
2022-05-10,1168512.6991273407,0.0,1168512.6991273407
2022-05-11,1168512.6991273407,0.0,1168512.6991273407
2022-05-12,1168512.6991273407,0.0,1168512.6991273407
2022-05-13,1168512.6991273407,0.0,1168512.6991273407
2022-05-16,1168512.6991273407,0.0,1168512.6991273407
2022-05-17,1168512.6991273407,0.0,1168512.6991273407
2022-05-18,1168512.6991273407,0.0,1168512.6991273407
2022-05-19,1168512.6991273407,0.0,1168512.6991273407
2022-05-20,1168512.6991273407,0.0,1168512.6991273407
2022-05-23,1168512.6991273407,0.0,1168512.6991273407
2022-05-24,1168512.6991273407,0.0,1168512.6991273407
2022-05-25,1168512.6991273407,0.0,1168512.6991273407
2022-05-26,1168512.6991273407,0.0,1168512.6991273407
2022-05-27,1168512.6991273407,0.0,1168512.6991273407
2022-05-30,1168512.6991273407,0.0,1168512.6991273407
2022-05-31,1168512.6991273407,0.0,1168512.6991273407
2022-06-01,1168512.6991273407,0.0,1168512.6991273407
2022-06-02,1168512.6991273407,0.0,1168512.6991273407
2022-06-06,1168512.6991273407,0.0,1168512.6991273407
2022-06-07,1168512.6991273407,0.0,1168512.6991273407
2022-06-08,1168512.6991273407,0.0,1168512.6991273407
2022-06-09,1168512.6991273407,0.0,1168512.6991273407
2022-06-10,1168512.6991273407,0.0,1168512.6991273407
2022-06-13,1168512.6991273407,0.0,1168512.6991273407
2022-06-14,1168512.6991273407,0.0,1168512.6991273407
2022-06-15,1168512.6991273407,0.0,1168512.6991273407
2022-06-16,1168512.6991273407,0.0,1168512.6991273407
2022-06-17,1168512.6991273407,0.0,1168512.6991273407
2022-06-20,1168512.6991273407,0.0,1168512.6991273407
2022-06-21,1168512.6991273407,0.0,1168512.6991273407
2022-06-22,1168512.6991273407,0.0,1168512.6991273407
2022-06-23,1168512.6991273407,0.0,1168512.6991273407
2022-06-24,1168512.6991273407,0.0,1168512.6991273407
2022-06-27,1168512.6991273407,0.0,1168512.6991273407
2022-06-28,1168512.6991273407,0.0,1168512.6991273407
2022-06-29,1168512.6991273407,0.0,1168512.6991273407
2022-06-30,1168512.6991273407,0.0,1168512.6991273407
2022-07-01,1168512.6991273407,0.0,1168512.6991273407
2022-07-04,1168512.6991273407,0.0,1168512.6991273407
2022-07-05,1168512.6991273407,0.0,1168512.6991273407
2022-07-06,1168512.6991273407,0.0,1168512.6991273407
2022-07-07,1168512.6991273407,0.0,1168512.6991273407
2022-07-08,1168512.6991273407,0.0,1168512.6991273407
2022-07-11,1168512.6991273407,0.0,1168512.6991273407
2022-07-12,1168512.6991273407,0.0,1168512.6991273407
2022-07-13,1168512.6991273407,0.0,1168512.6991273407
2022-07-14,1168512.6991273407,0.0,1168512.6991273407
2022-07-15,1168512.6991273407,0.0,1168512.6991273407
2022-07-18,1168512.6991273407,0.0,1168512.6991273407
2022-07-19,1168512.6991273407,0.0,1168512.6991273407
2022-07-20,1168512.6991273407,0.0,1168512.6991273407
2022-07-21,1168512.6991273407,0.0,1168512.6991273407
2022-07-22,1168512.6991273407,0.0,1168512.6991273407
2022-07-25,1168512.6991273407,0.0,1168512.6991273407
2022-07-26,1168512.6991273407,0.0,1168512.6991273407
2022-07-27,1168512.6991273407,0.0,1168512.6991273407
2022-07-28,1168512.6991273407,0.0,1168512.6991273407
2022-07-29,1168512.6991273407,0.0,1168512.6991273407
2022-08-01,1168512.6991273407,0.0,1168512.6991273407
2022-08-02,1168512.6991273407,0.0,1168512.6991273407
2022-08-03,1168512.6991273407,0.0,1168512.6991273407
2022-08-04,1168512.6991273407,0.0,1168512.6991273407
2022-08-05,1168512.6991273407,0.0,1168512.6991273407
2022-08-08,1168512.6991273407,0.0,1168512.6991273407
2022-08-09,1168512.6991273407,0.0,1168512.6991273407
2022-08-10,1168512.6991273407,0.0,1168512.6991273407
2022-08-11,1168512.6991273407,0.0,1168512.6991273407
2022-08-12,1168512.6991273407,0.0,1168512.6991273407
2022-08-15,1168512.6991273407,0.0,1168512.6991273407
2022-08-16,1168512.6991273407,0.0,1168512.6991273407
2022-08-17,934827.6734670885,228653.48294067383,1163481.1564077623
2022-08-18,934827.6734670885,253960.19885253906,1188787.8723196276
2022-08-19,460827.64510811574,723532.3609008789,1184360.0060089948
2022-08-22,460827.64510811574,715626.3873901367,1176454.0324982526
2022-08-23,460827.64510811574,712385.5308685303,1173213.1759766461
2022-08-24,460827.64510811574,706350.4725494385,1167178.1176575543
2022-08-25,460827.64510811574,720394.2018280029,1181221.8469361188
2022-08-26,460827.64510811574,728158.4307174683,1188986.0758255841
2022-08-29,460827.64510811574,710084.5970153809,1170912.2421234967
2022-08-30,460827.64510811574,718643.522819519,1179471.167927635
2022-08-31,460827.64510811574,726517.7286605835,1187345.3737686994
2022-09-01,227661.7894127475,934656.6702041626,1162318.4596169102
2022-09-02,227661.7894127475,935436.5136795044,1163098.303092252
2022-09-05,115.85779023711802,1158661.196548462,1158777.054338699
2022-09-06,115.85779023711802,1111557.9821853638,1111673.8399756008
2022-09-07,612972.5572144571,469829.2037200928,1082801.7609345498
2022-09-08,612972.5572144571,487404.92988586426,1100377.4871003213
2022-09-12,394078.63370457134,700939.2640991211,1095017.8978036924
2022-09-13,394078.63370457134,720816.159942627,1114894.7936471982
2022-09-14,171322.4834019788,941087.5391693115,1112410.0225712904
2022-09-15,171322.4834019788,934170.3490905762,1105492.832492555
2022-09-16,171322.4834019788,920055.2075653076,1091377.6909672865
2022-09-19,1067704.8874116936,0.0,1067704.8874116936
2022-09-20,1067704.8874116936,0.0,1067704.8874116936
2022-09-21,1067704.8874116936,0.0,1067704.8874116936
2022-09-22,1067704.8874116936,0.0,1067704.8874116936
2022-09-23,1067704.8874116936,0.0,1067704.8874116936
2022-09-26,1067704.8874116936,0.0,1067704.8874116936
2022-09-27,1067704.8874116936,0.0,1067704.8874116936
2022-09-28,1067704.8874116936,0.0,1067704.8874116936
2022-09-29,1067704.8874116936,0.0,1067704.8874116936
2022-09-30,1067704.8874116936,0.0,1067704.8874116936
2022-10-03,1067704.8874116936,0.0,1067704.8874116936
2022-10-04,1067704.8874116936,0.0,1067704.8874116936
2022-10-05,1067704.8874116936,0.0,1067704.8874116936
2022-10-06,1067704.8874116936,0.0,1067704.8874116936
2022-10-07,1067704.8874116936,0.0,1067704.8874116936
2022-10-11,1067704.8874116936,0.0,1067704.8874116936
2022-10-12,1067704.8874116936,0.0,1067704.8874116936
2022-10-13,1067704.8874116936,0.0,1067704.8874116936
2022-10-14,1067704.8874116936,0.0,1067704.8874116936
2022-10-17,1067704.8874116936,0.0,1067704.8874116936
2022-10-18,1067704.8874116936,0.0,1067704.8874116936
2022-10-19,1067704.8874116936,0.0,1067704.8874116936
2022-10-20,1067704.8874116936,0.0,1067704.8874116936
2022-10-21,1067704.8874116936,0.0,1067704.8874116936
2022-10-24,1067704.8874116936,0.0,1067704.8874116936
2022-10-25,1067704.8874116936,0.0,1067704.8874116936
2022-10-26,1067704.8874116936,0.0,1067704.8874116936
2022-10-27,1067704.8874116936,0.0,1067704.8874116936
2022-10-28,1067704.8874116936,0.0,1067704.8874116936
2022-10-31,1067704.8874116936,0.0,1067704.8874116936
2022-11-01,1067704.8874116936,0.0,1067704.8874116936
2022-11-02,1067704.8874116936,0.0,1067704.8874116936
2022-11-03,1067704.8874116936,0.0,1067704.8874116936
2022-11-04,1067704.8874116936,0.0,1067704.8874116936
2022-11-07,1067704.8874116936,0.0,1067704.8874116936
2022-11-08,1067704.8874116936,0.0,1067704.8874116936
2022-11-09,1067704.8874116936,0.0,1067704.8874116936
2022-11-10,1067704.8874116936,0.0,1067704.8874116936
2022-11-11,1067704.8874116936,0.0,1067704.8874116936
2022-11-14,1067704.8874116936,0.0,1067704.8874116936
2022-11-15,1067704.8874116936,0.0,1067704.8874116936
2022-11-16,1067704.8874116936,0.0,1067704.8874116936
2022-11-17,1067704.8874116936,0.0,1067704.8874116936
2022-11-18,1067704.8874116936,0.0,1067704.8874116936
2022-11-21,1067704.8874116936,0.0,1067704.8874116936
2022-11-22,1067704.8874116936,0.0,1067704.8874116936
2022-11-23,1067704.8874116936,0.0,1067704.8874116936
2022-11-24,1067704.8874116936,0.0,1067704.8874116936
2022-11-25,1067704.8874116936,0.0,1067704.8874116936
2022-11-28,1067704.8874116936,0.0,1067704.8874116936
2022-11-29,1067704.8874116936,0.0,1067704.8874116936
2022-11-30,1067704.8874116936,0.0,1067704.8874116936
2022-12-01,1067704.8874116936,0.0,1067704.8874116936
2022-12-02,1067704.8874116936,0.0,1067704.8874116936
2022-12-05,1067704.8874116936,0.0,1067704.8874116936
2022-12-06,854172.3357483442,214975.9784078598,1069148.314156204
2022-12-07,854172.3357483442,216282.8096294403,1070455.1453777845
2022-12-08,854172.3357483442,223470.46372413635,1077642.7994724805
2022-12-09,854172.3357483442,241766.28388404846,1095938.6196323927
2022-12-12,854172.3357483442,231964.9490404129,1086137.284788757
2022-12-13,854172.3357483442,226084.14447307587,1080256.48022142
2022-12-14,637550.1611210321,448360.290145874,1085910.4512669062
2022-12-15,637550.1611210321,450974.00750637054,1088524.1686274027
2022-12-16,637550.1611210321,442001.293299675,1079551.4544207072
2022-12-19,637550.1611210321,434526.8118247986,1072076.9729458308
2022-12-20,637550.1611210321,420903.80567741394,1058453.9667984461
2022-12-21,637550.1611210321,439157.30676174164,1076707.4678827738
2022-12-22,637550.1611210321,436990.1969509125,1074540.3580719447
2022-12-23,637550.1611210321,427009.0131893158,1064559.174310348
2022-12-26,637550.1611210321,423474.0619287491,1061024.2230497813
2022-12-27,637550.1611210321,434271.83840465546,1071821.9995256877
2022-12-28,637550.1611210321,431284.6564846039,1068834.817605636
2022-12-29,637550.1611210321,442544.0850019455,1080094.2461229777
2022-12-30,637550.1611210321,434316.6196947098,1071866.780815742
2023-01-03,637550.1611210321,457235.1570854187,1094785.318206451
2023-01-04,637550.1611210321,470958.0231485367,1108508.1842695689
2023-01-05,824103.487033434,278054.52423095703,1102158.011264391
2023-01-06,824103.487033434,284738.51313591003,1108842.000169344
2023-01-09,824103.487033434,312811.30314826965,1136914.7901817036
2023-01-10,824103.487033434,328852.9497432709,1152956.4367767049
2023-01-11,824103.487033434,335536.9386482239,1159640.4256816579
2023-01-12,586646.1680495765,590914.2013168335,1177560.36936641
2023-01-13,586646.1680495765,573827.722820282,1160473.8908698584
2023-01-16,586646.1680495765,603568.2728729248,1190214.4409225013
2023-01-17,586646.1680495765,603970.5901851654,1190616.7582347419
2023-01-30,343218.91838046024,875203.1253261566,1218422.0437066169
2023-01-31,343218.91838046024,868248.3768138885,1211467.2951943488
2023-02-01,106199.63379777502,1077369.8020648956,1183569.4358626707
2023-02-02,106199.63379777502,1086879.6133537292,1193079.2471515043
2023-02-03,106199.63379777502,1071178.1439876556,1177377.7777854307
2023-02-06,106199.63379777502,1057485.203989029,1163684.837786804
2023-02-07,106199.63379777502,1113743.1594104767,1219942.7932082517
2023-02-08,106199.63379777502,1164077.9718036652,1270277.6056014402
2023-02-09,106199.63379777502,1166734.5391197205,1272934.1729174955
2023-02-10,106199.63379777502,1162775.278312683,1268974.9121104581
2023-02-13,106199.63379777502,1157951.2139225006,1264150.8477202756
2023-02-14,106199.63379777502,1164613.4805088043,1270813.1143065793
2023-02-15,106199.63379777502,1167101.645362854,1273301.279160629
2023-02-16,106199.63379777502,1183786.4975242615,1289986.1313220365
2023-02-17,106199.63379777502,1167415.6437911987,1273615.2775889738
2023-02-20,106199.63379777502,1176892.4127807617,1283092.0465785367
2023-02-21,135.56894222689152,1305246.5426006317,1305382.1115428586
2023-02-22,135.56894222689152,1273026.2509593964,1273161.8199016233
2023-02-23,135.56894222689152,1364350.9157505035,1364486.4846927305
2023-02-24,135.56894222689152,1348099.3541545868,1348234.9230968137
2023-03-01,135.56894222689152,1312589.8472766876,1312725.4162189146
2023-03-02,135.56894222689152,1321588.2077465057,1321723.7766887327
2023-03-03,135.56894222689152,1355906.6719226837,1356042.2408649107
2023-03-06,135.56894222689152,1385460.4169445038,1385595.9858867307
2023-03-07,135.56894222689152,1362957.0481758118,1363092.6171180387
2023-03-08,135.56894222689152,1355280.2704048157,1355415.8393470426
2023-03-09,135.56894222689152,1355926.4046077728,1356061.9735499998
2023-03-10,135.56894222689152,1316341.8080654144,1316477.3770076414
2023-03-13,135.56894222689152,1303785.2785549164,1303920.8474971433
2023-03-14,220550.08637290733,1038399.4185142517,1258949.504887159
2023-03-15,220550.08637290733,1048142.8955821991,1268692.9819551064
2023-03-16,220550.08637290733,1046751.3807239532,1267301.4670968605
2023-03-17,31.6152146338718,1297710.5561180115,1297742.1713326452
2023-03-20,31.6152146338718,1309126.1437225342,1309157.758937168
2023-03-21,31.6152146338718,1331494.045244217,1331525.6604588507
2023-03-22,31.6152146338718,1379200.235841751,1379231.8510563849
2023-03-23,31.6152146338718,1393865.2678527832,1393896.883067417
2023-03-24,31.6152146338718,1386692.879655838,1386724.4948704718
2023-03-27,31.6152146338718,1402290.8027935028,1402322.4180081366
2023-03-28,31.6152146338718,1381991.9254188538,1382023.5406334875
2023-03-29,31.6152146338718,1385276.4850597382,1385308.100274372
2023-03-30,31.6152146338718,1397038.3905467987,1397070.0057614325
2023-03-31,31.6152146338718,1413496.5012493134,1413528.116463947
2023-04-06,31.6152146338718,1437592.6018218994,1437624.2170365332
2023-04-07,31.6152146338718,1478808.675836563,1478840.2910511969
2023-04-10,31.6152146338718,1537229.7339744568,1537261.3491890905
2023-04-11,31.6152146338718,1548841.5535812378,1548873.1687958715
2023-04-12,31.6152146338718,1540549.2830162048,1540580.8982308386
2023-04-13,31.6152146338718,1511196.348148346,1511227.9633629797
2023-04-14,31.6152146338718,1559662.6296653748,1559694.2448800085
2023-04-17,31.6152146338718,1579118.0646591187,1579149.6798737524
2023-04-18,31.6152146338718,1543980.2217273712,1544011.836942005
2023-04-19,31.6152146338718,1572450.2151985168,1572481.8304131506
2023-04-20,31.6152146338718,1545851.9198417664,1545883.5350564
2023-04-21,31.6152146338718,1494124.8303775787,1494156.4455922125
2023-04-24,31.6152146338718,1500063.0939846039,1500094.7091992376
2023-04-25,85.71815380563203,1440075.2180538177,1440160.9362076235
2023-04-26,85.71815380563203,1453948.497976303,1454034.2161301088
2023-04-27,85.71815380563203,1461198.0074043274,1461283.725558133
2023-04-28,85.71815380563203,1526039.7181472778,1526125.4363010835
2023-05-02,85.71815380563203,1600978.8785362244,1601064.59669003
2023-05-03,85.71815380563203,1616792.9705162048,1616878.6886700105
2023-05-04,85.71815380563203,1634408.0260620117,1634493.7442158174
2023-05-05,85.71815380563203,1610673.1791381836,1610758.8972919893
2023-05-08,85.71815380563203,1559114.1440429688,1559199.8621967745
2023-05-09,85.71815380563203,1554509.5516929626,1554595.2698467684
2023-05-10,85.71815380563203,1565463.1464805603,1565548.864634366
2023-05-11,85.71815380563203,1553109.2843017578,1553195.0024555635
2023-05-12,85.71815380563203,1607278.4215393066,1607364.1396931123
2023-05-15,235090.06748846715,1325048.436367035,1560138.503855502
2023-05-16,0.12056075152941048,1560297.889377594,1560298.0099383455
2023-05-17,0.12056075152941048,1633590.0885543823,1633590.2091151339
2023-05-18,0.12056075152941048,1639122.0128440857,1639122.1334048372
2023-05-19,0.12056075152941048,1664026.5395469666,1664026.660107718
2023-05-22,0.12056075152941048,1678401.2947387695,1678401.415299521
2023-05-23,0.12056075152941048,1635409.2104148865,1635409.330975638
2023-05-24,0.12056075152941048,1634911.448940277,1634911.5695010286
2023-05-25,0.12056075152941048,1659973.0496025085,1659973.17016326
2023-05-26,0.12056075152941048,1693080.1532440186,1693080.27380477
2023-05-29,0.12056075152941048,1688911.733882904,1688911.8544436556
2023-05-30,0.12056075152941048,1654796.9918174744,1654797.112378226
2023-05-31,0.12056075152941048,1634141.8462524414,1634141.966813193
2023-06-01,0.12056075152941048,1670533.0968551636,1670533.217415915
2023-06-02,0.12056075152941048,1602611.427165985,1602611.5477267366
2023-06-05,0.12056075152941048,1636029.4133224487,1636029.5338832003
2023-06-06,0.12056075152941048,1682722.3420562744,1682722.462617026
2023-06-07,0.12056075152941048,1669988.6941299438,1669988.8146906954
2023-06-08,0.12056075152941048,1624479.787677765,1624479.9082385164
2023-06-09,0.12056075152941048,1650790.8272705078,1650790.9478312593
2023-06-12,216.84837116205017,1625335.2590408325,1625552.1074119946
2023-06-13,216.84837116205017,1643527.0582237244,1643743.9065948864
2023-06-14,216.84837116205017,1624048.3302612305,1624265.1786323925
2023-06-15,216.84837116205017,1656421.560749054,1656638.409120216
2023-06-16,216.84837116205017,1669275.967765808,1669492.8161369702
2023-06-19,216.84837116205017,1648699.9923667908,1648916.8407379529
2023-06-20,216.84837116205017,1616764.0830230713,1616980.9313942334
2023-06-21,216.84837116205017,1619349.2233390808,1619566.071710243
2023-06-26,216.84837116205017,1589268.8417243958,1589485.6900955578
2023-06-27,216.84837116205017,1573489.4981002808,1573706.3464714428
2023-06-28,216.84837116205017,1605470.033630371,1605686.8820015332
2023-06-29,216.84837116205017,1657634.8638076782,1657851.7121788403
2023-06-30,216.84837116205017,1637408.7991981506,1637625.6475693127
2023-07-03,216.84837116205017,1676156.2309684753,1676373.0793396374
2023-07-04,216.84837116205017,1758190.6839179993,1758407.5322891613
2023-07-05,216.84837116205017,1842704.7563743591,1842921.6047455212
2023-07-06,216.84837116205017,1827497.0779304504,1827713.9263016125
2023-07-07,216.84837116205017,1796583.1161003113,1796799.9644714734
2023-07-10,216.84837116205017,1820287.9769058228,1820504.8252769848
2023-07-11,216.84837116205017,1845321.1029663086,1845537.9513374707
2023-07-12,216.84837116205017,1882739.917137146,1882956.765508308
2023-07-13,216.84837116205017,1897145.4090690613,1897362.2574402234
2023-07-14,216.84837116205017,1988973.27759552,1989190.125966682
2023-07-17,216.84837116205017,1954860.6792068481,1955077.5275780102
2023-07-18,2.9406072620040504,1959342.750366211,1959345.690973473
2023-07-19,2.9406072620040504,1955463.5033988953,1955466.4440061573
2023-07-20,197735.41682360892,1784145.723400116,1981881.1402237248
2023-07-21,197735.41682360892,1834520.8523483276,2032256.2691719364
2023-07-24,197735.41682360892,1818255.0593910217,2015990.4762146305
2023-07-25,197735.41682360892,1946612.7962646484,2144348.2130882572
2023-07-26,197735.41682360892,1927965.4818000793,2125700.898623688
2023-07-27,197735.41682360892,1965612.8063278198,2163348.2231514286
2023-07-28,197735.41682360892,2000187.1886520386,2197922.6054756474
2023-07-31,197735.41682360892,1982394.557395935,2180129.974219544
2023-08-01,15.402785287762526,2044351.96118927,2044367.3639745577
2023-08-02,15.402785287762526,1999888.1551628113,1999903.557948099
2023-08-04,363284.2614083307,1624734.2477912903,1988018.509199621
2023-08-07,363284.2614083307,1714022.678012848,2077306.9394211785
2023-08-08,535514.2796546197,1507332.9080162048,2042847.1876708246
2023-08-09,535514.2796546197,1414890.6257591248,1950404.9054137445
2023-08-10,535514.2796546197,1297876.114025116,1833390.3936797357
2023-08-11,535514.2796546197,1328626.71219635,1864140.9918509698
2023-08-14,535514.2796546197,1265231.886856079,1800746.1665106989
2023-08-15,535514.2796546197,1316254.093334198,1851768.3729888177
2023-08-16,535514.2796546197,1309606.699634552,1845120.9792891718
2023-08-17,535514.2796546197,1366668.1440124512,1902182.423667071
2023-08-18,535514.2796546197,1287090.2663764954,1822604.546031115
2023-08-21,535514.2796546197,1327123.8940048218,1862638.1736594415
2023-08-22,535514.2796546197,1332989.9869918823,1868504.266646502
2023-08-23,535514.2796546197,1336702.6355438232,1872216.915198443
2023-08-24,535514.2796546197,1424883.9241447449,1960398.2037993646
2023-08-25,535514.2796546197,1408812.2417945862,1944326.521449206
2023-08-28,535514.2796546197,1373419.9288482666,1908934.2085028864
2023-08-29,535514.2796546197,1470158.0614738464,2005672.3411284662
2023-08-30,535514.2796546197,1516804.5911521912,2052318.870806811
2023-08-31,535514.2796546197,1553699.153640747,2089213.4332953668
2023-09-01,102467.40075150231,2058807.4122161865,2161274.812967689
2023-09-04,102467.40075150231,2073502.314239502,2175969.714991004
2023-09-05,126.70279709789611,2276377.051879883,2276503.754676981
2023-09-06,126.70279709789611,2204167.2989959717,2204294.0017930698
2023-09-07,126.70279709789611,2276678.475250244,2276805.178047342
2023-09-08,126.70279709789611,2228444.743080139,2228571.4458772372
2023-09-11,126.70279709789611,2224842.8679504395,2224969.5707475375
2023-09-12,126.70279709789611,2205825.8757362366,2205952.5785333347
2023-09-13,126.70279709789611,2253360.935317993,2253487.6381150912
2023-09-14,126.70279709789611,2367694.586666107,2367821.2894632053
2023-09-15,126.70279709789611,2447012.825328827,2447139.528125925
2023-09-18,126.70279709789611,2429311.693195343,2429438.395992441
2023-09-19,126.70279709789611,2305793.453426361,2305920.156223459
2023-09-20,126.70279709789611,2214349.565158844,2214476.267955942
2023-09-21,2193873.527724003,0.0,2193873.527724003
2023-09-22,2193873.527724003,0.0,2193873.527724003
2023-09-25,2193873.527724003,0.0,2193873.527724003
2023-09-26,2193873.527724003,0.0,2193873.527724003
2023-09-27,2193873.527724003,0.0,2193873.527724003
2023-09-28,2193873.527724003,0.0,2193873.527724003
2023-10-02,2193873.527724003,0.0,2193873.527724003
2023-10-03,2193873.527724003,0.0,2193873.527724003
2023-10-04,2193873.527724003,0.0,2193873.527724003
2023-10-05,2193873.527724003,0.0,2193873.527724003
2023-10-06,2193873.527724003,0.0,2193873.527724003
2023-10-11,1755127.428070239,431660.879447937,2186788.307518176
2023-10-12,1755127.428070239,473823.134513855,2228950.562584094
2023-10-13,1309092.5472899487,922628.5881958008,2231721.1354857497
2023-10-16,1309092.5472899487,939020.8944168091,2248113.441706758
2023-10-17,1309092.5472899487,910912.6992416382,2220005.246531587
2023-10-18,1309092.5472899487,912920.4328536987,2222012.9801436476
2023-10-19,1309092.5472899487,939942.116279602,2249034.663569551
2023-10-20,1309092.5472899487,933918.9154434204,2243011.4627333693
2023-10-23,2223219.3354760003,0.0,2223219.3354760003
2023-10-24,2223219.3354760003,0.0,2223219.3354760003
2023-10-25,2223219.3354760003,0.0,2223219.3354760003
2023-10-26,2223219.3354760003,0.0,2223219.3354760003
2023-10-27,2223219.3354760003,0.0,2223219.3354760003
2023-10-30,2223219.3354760003,0.0,2223219.3354760003
2023-10-31,2223219.3354760003,0.0,2223219.3354760003
2023-11-01,2223219.3354760003,0.0,2223219.3354760003
2023-11-02,2223219.3354760003,0.0,2223219.3354760003
2023-11-03,2223219.3354760003,0.0,2223219.3354760003
2023-11-06,2223219.3354760003,0.0,2223219.3354760003
2023-11-07,2223219.3354760003,0.0,2223219.3354760003
2023-11-08,2223219.3354760003,0.0,2223219.3354760003
2023-11-09,2223219.3354760003,0.0,2223219.3354760003
2023-11-10,2223219.3354760003,0.0,2223219.3354760003
2023-11-13,2223219.3354760003,0.0,2223219.3354760003
2023-11-14,2223219.3354760003,0.0,2223219.3354760003
2023-11-15,2223219.3354760003,0.0,2223219.3354760003
2023-11-16,2223219.3354760003,0.0,2223219.3354760003
2023-11-17,2223219.3354760003,0.0,2223219.3354760003
2023-11-20,2223219.3354760003,0.0,2223219.3354760003
2023-11-21,2223219.3354760003,0.0,2223219.3354760003
2023-11-22,2223219.3354760003,0.0,2223219.3354760003
2023-11-23,2223219.3354760003,0.0,2223219.3354760003
2023-11-24,2223219.3354760003,0.0,2223219.3354760003
2023-11-27,2223219.3354760003,0.0,2223219.3354760003
2023-11-28,2223219.3354760003,0.0,2223219.3354760003
2023-11-29,1778640.4015206008,443502.8076553345,2222143.209175935
2023-11-30,1778640.4015206008,444004.5,2222644.9015206005
2023-12-01,1334770.415108109,885173.6060256958,2219944.0211338047
2023-12-04,1334770.415108109,888806.8838119507,2223577.2989200596
2023-12-05,1334770.415108109,884032.5874938965,2218803.0026020054
2023-12-06,1334770.415108109,877494.2697143555,2212264.6848224644
2023-12-07,891010.7852909467,1322814.3634643555,2213825.148755302
2023-12-08,891010.7852909467,1336245.2695770264,2227256.054867973
2023-12-11,891010.7852909467,1330302.0016174316,2221312.7869083784
2023-12-12,891010.7852909467,1323427.3131713867,2214438.0984623334
2023-12-13,891010.7852909467,1331790.5283966064,2222801.313687553
2023-12-14,891010.7852909467,1326106.1997375488,2217116.9850284955
2023-12-15,891010.7852909467,1307823.8916625977,2198834.6769535444
2023-12-18,891010.7852909467,1318415.074508667,2209425.8597996137
2023-12-19,891010.7852909467,1320356.294204712,2211367.0794956586
2023-12-20,891010.7852909467,1321966.164718628,2212976.9500095746
2023-12-21,891010.7852909467,1323235.2672271729,2214246.0525181196
2023-12-22,891010.7852909467,1325423.9902191162,2216434.775510063
2023-12-25,891010.7852909467,1323830.3170471191,2214841.102338066
2023-12-26,891010.7852909467,1328058.545928955,2219069.331219902
2023-12-27,891010.7852909467,1329619.428100586,2220630.2133915327
2023-12-28,891010.7852909467,1332700.019104004,2223710.8043949506
2023-12-29,891010.7852909467,1400178.5387191772,2291189.324010124
2024-01-02,891010.7852909467,1392613.7727508545,2283624.558041801
2024-01-03,891010.7852909467,1397376.5947875977,2288387.3800785444
2024-01-04,891010.7852909467,1399614.6156311035,2290625.4009220502
2024-01-05,891010.7852909467,1379045.194519043,2270055.9798099897
2024-01-08,891010.7852909467,1393935.3246688843,2284946.109959831
2024-01-09,891010.7852909467,1381448.8899536133,2272459.67524456
2024-01-10,891010.7852909467,1385706.9174499512,2276717.702740898
2024-01-11,891010.7852909467,1384437.8643035889,2275448.6495945356
2024-01-12,891010.7852909467,1392198.9850845337,2283209.7703754804
2024-01-15,891010.7852909467,1396483.0301895142,2287493.815480461
2024-01-16,891010.7852909467,1359871.731048584,2250882.5163395307
2024-01-17,891010.7852909467,1327968.644393921,2218979.4296848676
2024-01-18,891010.7852909467,1333541.17918396,2224551.9644749067
2024-01-19,891010.7852909467,1319069.2484054565,2210080.0336964033
2024-01-22,891010.7852909467,1373686.115989685,2264696.901280632
2024-01-23,891010.7852909467,1401178.866104126,2292189.6513950727
2024-01-24,891010.7852909467,1458700.8561935425,2349711.641484489
2024-01-25,891010.7852909467,1489122.0082244873,2380132.793515434
2024-01-26,891010.7852909467,1459704.2408828735,2350715.0261738203
2024-01-29,891010.7852909467,1502787.0631713867,2393797.8484623334
2024-01-30,891010.7852909467,1467890.3837890625,2358901.169080009
2024-01-31,891010.7852909467,1460465.1871643066,2351475.9724552534
2024-02-01,891010.7852909467,1451037.987625122,2342048.772916069
2024-02-02,891010.7852909467,1438628.631362915,2329639.4166538618
2024-02-05,891010.7852909467,1426576.7465744019,2317587.5318653486
2024-02-15,891010.7852909467,1419581.0128173828,2310591.7981083295
2024-02-16,891010.7852909467,1419858.1717681885,2310868.957059135
2024-02-19,891010.7852909467,1447597.025527954,2338607.810818901
2024-02-20,433452.05505381466,1857963.8432006836,2291415.8982544984
2024-02-21,433452.05505381466,1884500.3451538086,2317952.4002076234
2024-02-22,433452.05505381466,1893828.1461334229,2327280.2011872376
2024-02-23,15.307950621412601,2311533.1328582764,2311548.440808898
2024-02-26,15.307950621412601,2343284.271255493,2343299.5792061146
2024-02-27,15.307950621412601,2309004.4496154785,2309019.7575661
2024-02-29,15.307950621412601,2322773.127304077,2322788.4352546986
2024-03-01,15.307950621412601,2307674.2230377197,2307689.530988341
2024-03-04,15.307950621412601,2308902.6949386597,2308918.002889281
2024-03-05,15.307950621412601,2295319.6347198486,2295334.94267047
2024-03-06,15.307950621412601,2330789.9465026855,2330805.254453307
2024-03-07,15.307950621412601,2285478.239677429,2285493.5476280507
2024-03-08,15.307950621412601,2272460.6717300415,2272475.979680663
2024-03-11,15.307950621412601,2258994.286262512,2259009.5942131337
2024-03-12,15.307950621412601,2279577.1458206177,2279592.453771239
2024-03-13,15.307950621412601,2258935.7938461304,2258951.101796752
2024-03-14,15.307950621412601,2251705.297142029,2251720.6050926503
2024-03-15,15.307950621412601,2214464.9200820923,2214480.2280327138
2024-03-18,15.307950621412601,2268051.264640808,2268066.5725914296
2024-03-19,15.307950621412601,2271985.128349304,2272000.4362999257
2024-03-20,15.307950621412601,2254782.3252334595,2254797.633184081
2024-03-21,15.307950621412601,2241843.0284194946,2241858.336370116
2024-03-22,15.307950621412601,2254501.5575408936,2254516.865491515
2024-03-25,15.307950621412601,2294629.944091797,2294645.2520424183
2024-03-26,15.307950621412601,2264346.691177368,2264361.9991279896
2024-03-27,15.307950621412601,2248650.7404174805,2248666.048368102
2024-03-28,15.307950621412601,2245176.652946472,2245191.9608970936
2024-03-29,241015.42178161535,1781884.0896148682,2022899.5113964835
2024-04-01,241015.42178161535,1800773.5520477295,2041788.9738293448
2024-04-02,42.99385139642982,2033738.658065796,2033781.6519171924
2024-04-03,42.99385139642982,2031339.4402008057,2031382.4340522022
2024-04-08,42.99385139642982,2048858.936126709,2048901.9299781055
2024-04-09,455576.95895146864,1581230.1820144653,2036807.140965934
2024-04-10,40639.67293874838,2044276.3229522705,2084915.9958910188
2024-04-11,464773.09583287337,1607171.0967941284,2071944.1926270018
2024-04-12,464773.09583287337,1604836.383644104,2069609.4794769774
2024-04-15,53414.89260335232,2007920.4448394775,2061335.3374428297
2024-04-16,53414.89260335232,1971866.2830963135,2025281.1756996657
2024-04-17,53414.89260335232,2015170.5838012695,2068585.4764046217
2024-04-18,53414.89260335232,2005773.34349823,2059188.2361015822
2024-04-19,53414.89260335232,1935415.9324874878,1988830.82509084
2024-04-22,481765.2422658411,1469797.4708862305,1951562.7131520715
2024-04-23,429336.1703553622,1482819.3188095093,1912155.4891648714
2024-04-24,429336.1703553622,1519980.0867004395,1949316.2570558016
2024-04-25,429336.1703553622,1560719.0367889404,1990055.2071443025
2024-04-26,30699.02646363055,1964944.2111053467,1995643.2375689773
2024-04-29,30699.02646363055,1975531.6606826782,2006230.6871463088
2024-04-30,30699.02646363055,1984867.2602539062,2015566.2867175369
2024-05-02,30699.02646363055,1958659.0894546509,1989358.1159182815
2024-05-03,30699.02646363055,1987659.6155548096,2018358.6420184402
2024-05-06,30699.02646363055,1969798.3273391724,2000497.353802803
2024-05-07,371813.7085990598,1580920.9604187012,1952734.669017761
2024-05-08,318961.79305483244,1595423.7479343414,1914385.5409891738
2024-05-09,32.552451753406785,1890428.2932624817,1890460.8457142352
2024-05-10,32.552451753406785,1863810.0103988647,1863842.5628506183
2024-05-13,32.552451753406785,1878498.3192329407,1878530.8716846942
2024-05-14,32.552451753406785,1863745.2444496155,1863777.796901369
2024-05-15,32.552451753406785,1850801.844926834,1850834.3973785876
2024-05-16,32.552451753406785,1876447.911436081,1876480.4638878345
2024-05-17,32.552451753406785,1909368.7866954803,1909401.3391472339
2024-05-20,32.552451753406785,1893484.5556049347,1893517.1080566882
2024-05-21,206171.40168216813,1681550.7417068481,1887722.1433890164
2024-05-22,206171.40168216813,1705265.8668613434,1911437.2685435116
2024-05-23,206171.40168216813,1693497.8291110992,1899669.2307932675
2024-05-24,206171.40168216813,1677217.8185577393,1883389.2202399075
2024-05-27,206171.40168216813,1681421.9757919312,1887593.3774740994
2024-05-28,206171.40168216813,1700487.7424354553,1906659.1441176236
2024-05-29,206171.40168216813,1705912.5781536102,1912083.9798357785
2024-05-30,206171.40168216813,1705966.1897716522,1912137.5914538205
2024-05-31,206171.40168216813,1706892.8394260406,1913064.241108209
2024-06-03,206171.40168216813,1710217.9885311127,1916389.390213281
2024-06-04,206171.40168216813,1693220.920671463,1899392.3223536313
2024-06-05,206171.40168216813,1692921.0130767822,1899092.4147589505
2024-06-06,206171.40168216813,1693439.5922870636,1899610.9939692318
2024-06-07,147.16567196432152,1913246.0609283447,1913393.2266003091
2024-06-11,147.16567196432152,1911550.375169754,1911697.5408417184
2024-06-12,147.16567196432152,1903021.81432724,1903168.9799992044
2024-06-13,147.16567196432152,1917907.6337490082,1918054.7994209726
2024-06-14,147.16567196432152,1927753.8265972137,1927900.9922691782
2024-06-17,147.16567196432152,1921340.4040241241,1921487.5696960886
2024-06-18,147.16567196432152,1920171.086631775,1920318.2523037393
2024-06-19,147.16567196432152,1919865.9709281921,1920013.1366001565
2024-06-20,147.16567196432152,1915760.9695224762,1915908.1351944406
2024-06-21,147.16567196432152,1934626.3607826233,1934773.5264545877
2024-06-24,147.16567196432152,1953811.2685642242,1953958.4342361887
2024-06-25,147.16567196432152,1997136.4132785797,1997283.5789505441
2024-06-26,147.16567196432152,2095643.4506969452,2095790.6163689096
2024-06-27,147.16567196432152,2081193.9347515106,2081341.100423475
2024-06-28,147.16567196432152,2113076.796518326,2113223.96219029
2024-07-01,147.16567196432152,2140658.614648819,2140805.780320783
2024-07-02,147.16567196432152,2125680.27309227,2125827.438764234
2024-07-03,147.16567196432152,2125367.476085663,2125514.641757627
2024-07-04,147.16567196432152,2127583.4927196503,2127730.6583916144
2024-07-05,147.16567196432152,2161094.11113739,2161241.2768093543
2024-07-08,147.16567196432152,2156740.533399582,2156887.699071546
2024-07-09,147.16567196432152,2126274.04322052,2126421.208892484
2024-07-10,147.16567196432152,2157364.9753341675,2157512.1410061317
2024-07-11,147.16567196432152,2210781.374897003,2210928.5405689673
2024-07-12,147.16567196432152,2227047.5109272003,2227194.6765991645
2024-07-15,147.16567196432152,2311937.8901557922,2312085.0558277564
2024-07-16,147.16567196432152,2316271.6898784637,2316418.855550428
2024-07-17,386122.79893494514,1934399.024263382,2320521.823198327
2024-07-18,386122.79893494514,1972383.1978740692,2358505.996809014
2024-07-19,386122.79893494514,1922364.5453033447,2308487.3442382896
2024-07-22,570922.3690738288,1695809.338891983,2266731.7079658117
2024-07-23,570922.3690738288,1764735.5377922058,2335657.9068660345
2024-07-26,570922.3690738288,1753675.9709949493,2324598.340068778
2024-07-29,570922.3690738288,1692919.0098953247,2263841.3789691534
2024-07-30,570922.3690738288,1727067.0618782043,2297989.430952033
2024-07-31,570922.3690738288,1721962.3077983856,2292884.6768722143
2024-08-01,98526.43372088566,2268177.258956909,2366703.692677795
2024-08-02,98526.43372088566,2314489.701412201,2413016.1351330867
2024-08-05,98526.43372088566,2292671.7195892334,2391198.153310119
2024-08-06,98526.43372088566,2280779.3249206543,2379305.75864154
2024-08-07,98526.43372088566,2377611.79637146,2476138.2300923457
2024-08-08,98526.43372088566,2353525.6057243347,2452052.0394452205
2024-08-09,98526.43372088566,2352093.5569000244,2450619.99062091
2024-08-12,98526.43372088566,2386439.4883346558,2484965.9220555415
2024-08-13,98526.43372088566,2346210.3685073853,2444736.802228271
2024-08-14,98526.43372088566,2339776.687133789,2438303.120854675
2024-08-15,98526.43372088566,2356779.3298339844,2455305.76355487
2024-08-16,98526.43372088566,2361902.2857170105,2460428.7194378963
2024-08-19,98526.43372088566,2388617.568626404,2487144.0023472896
2024-08-20,98526.43372088566,2365921.896713257,2464448.3304341426
2024-08-21,98526.43372088566,2334755.4566497803,2433281.890370666
2024-08-22,98526.43372088566,2305660.221168518,2404186.654889404
2024-08-23,98526.43372088566,2304250.784412384,2402777.21813327
2024-08-26,98526.43372088566,2331222.401927948,2429748.835648834
2024-08-27,51.17002854705788,2526512.6657600403,2526563.835788587
2024-08-28,51.17002854705788,2602331.681415558,2602382.8514441047
2024-08-29,51.17002854705788,2607356.941635132,2607408.1116636787
2024-08-30,51.17002854705788,2547206.9886016846,2547258.1586302314
2024-09-02,51.17002854705788,2502447.991832733,2502499.16186128
2024-09-03,51.17002854705788,2594777.574108124,2594828.7441366706
2024-09-04,2606660.451022079,0.0,2606660.451022079
2024-09-05,1566009.1868914897,1029229.9354476929,2595239.1223391825
2024-09-06,1566009.1868914897,1090823.7932357788,2656832.9801272685
2024-09-09,2625555.931852228,0.0,2625555.931852228
2024-09-10,2625555.931852228,0.0,2625555.931852228
2024-09-11,2625555.931852228,0.0,2625555.931852228
2024-09-12,1056136.3542017513,1546951.6680221558,2603088.022223907
2024-09-13,1056136.3542017513,1541640.6311950684,2597776.9853968197
2024-09-16,1056136.3542017513,1531769.9793395996,2587906.333541351
2024-09-18,1056136.3542017513,1539339.4940490723,2595475.8482508236
2024-09-19,1056136.3542017513,1570197.024230957,2626333.3784327083
2024-09-20,532879.3904544208,2080053.421295166,2612932.811749587
2024-09-23,532879.3904544208,2066488.2101593018,2599367.6006137226
2024-09-24,532879.3904544208,2083657.5368728638,2616536.9273272846
2024-09-25,532879.3904544208,2167515.0467071533,2700394.437161574
2024-09-26,532879.3904544208,2109974.526222229,2642853.91667665
2024-09-27,532879.3904544208,2097901.902572632,2630781.2930270527
2024-09-30,532879.3904544208,2089387.8586425781,2622267.249096999
2024-10-01,532879.3904544208,2047345.9954910278,2580225.3859454487
2024-10-04,532879.3904544208,2034799.9955291748,2567679.3859835956
2024-10-07,532879.3904544208,2073357.9446105957,2606237.3350650165
2024-10-08,532879.3904544208,2028744.8282852173,2561624.218739638
2024-10-09,971113.0476129074,1553095.8828430176,2524208.930455925
2024-10-11,971113.0476129074,1479287.919456482,2450400.9670693893
2024-10-14,971113.0476129074,1474097.8978042603,2445210.9454171676
2024-10-15,482138.8233514703,1972479.8549880981,2454618.6783395684
2024-10-16,118.75135871535167,2449878.937515259,2449997.688873974
2024-10-17,118.75135871535167,2472770.903289795,2472889.6546485103
2024-10-18,118.75135871535167,2474382.950325012,2474501.7016837276
2024-10-21,118.75135871535167,2552089.741279602,2552208.4926383174
2024-10-22,118.75135871535167,2563520.0518493652,2563638.8032080806
2024-10-23,118.75135871535167,2568829.811882019,2568948.5632407344
2024-10-24,118.75135871535167,2541081.775657654,2541200.527016369
2024-10-25,118.75135871535167,2596772.9968185425,2596891.748177258
2024-10-28,118.75135871535167,2546815.408416748,2546934.1597754634
2024-10-29,118.75135871535167,2532809.7987060547,2532928.55006477
2024-10-30,118.75135871535167,2578257.3707733154,2578376.122132031
2024-11-01,118.75135871535167,2567504.3293533325,2567623.080712048
2024-11-04,118.75135871535167,2554606.110687256,2554724.862045971
2024-11-05,118.75135871535167,2533876.9081115723,2533995.6594702876
2024-11-06,118.75135871535167,2559703.5327301025,2559822.284088818
2024-11-07,118.75135871535167,2628658.4070510864,2628777.158409802
2024-11-08,118.75135871535167,2622522.394683838,2622641.1460425532
2024-11-11,118.75135871535167,2567496.8890838623,2567615.6404425777
2024-11-12,442852.1953220302,2048610.7558135986,2491462.951135629
2024-11-13,442852.1953220302,2023656.80909729,2466509.0044193203
2024-11-14,442852.1953220302,1994608.6939163208,2437460.889238351
2024-11-15,442852.1953220302,1976649.360206604,2419501.555528634
2024-11-18,442852.1953220302,1960377.8760681152,2403230.0713901455
2024-11-19,65.70297714398475,2415433.520614624,2415499.223591768
2024-11-20,65.70297714398475,2429135.316001892,2429201.0189790362
2024-11-21,65.70297714398475,2453661.982032776,2453727.68500992
2024-11-22,65.70297714398475,2486202.0424957275,2486267.7454728717
2024-11-25,65.70297714398475,2506640.5824661255,2506706.2854432696
2024-11-26,65.70297714398475,2489024.511642456,2489090.2146196
2024-11-27,65.70297714398475,2423670.76638031,2423736.469357454
2024-11-28,1.432598614890594,2420378.66147995,2420380.094078565
2024-11-29,1.432598614890594,2460582.8858337402,2460584.3184323553
2024-12-02,1.432598614890594,2567861.6308517456,2567863.0634503607
2024-12-03,1.432598614890594,2588602.022377014,2588603.454975629
2024-12-04,1.432598614890594,2638033.5990104675,2638035.0316090826
2024-12-05,1.432598614890594,2657577.910900116,2657579.343498731
2024-12-06,1.432598614890594,2645439.926776886,2645441.359375501
2024-12-09,1.432598614890594,2659238.380935669,2659239.813534284
2024-12-10,1.432598614890594,2596599.296607971,2596600.7292065863
2024-12-11,1.432598614890594,2659687.1353912354,2659688.5679898504
2024-12-12,1.432598614890594,2646077.699115753,2646079.1317143682
2024-12-13,1.432598614890594,2653142.56281662,2653143.995415235
2024-12-16,1.432598614890594,2631234.715888977,2631236.148487592
2024-12-17,1.432598614890594,2658701.9888153076,2658703.4214139227
2024-12-18,1.432598614890594,2678718.3793411255,2678719.8119397406
2024-12-19,1.432598614890594,2708728.35049057,2708729.783089185
2024-12-20,1.432598614890594,2599669.0976867676,2599670.5302853826
2024-12-23,1.432598614890594,2610837.125354767,2610838.557953382
2024-12-24,1.432598614890594,2589086.6118888855,2589088.0444875006
2024-12-25,1.432598614890594,2607386.17899704,2607387.611595655
2024-12-26,1.432598614890594,2610081.132320404,2610082.564919019
2024-12-27,1.432598614890594,2596871.2889709473,2596872.7215695623
2024-12-30,1.432598614890594,2590299.785461426,2590301.218060041
2024-12-31,1.432598614890594,2596735.858291626,2596737.290890241
2025-01-02,1.432598614890594,2559256.6824188232,2559258.1150174383
2025-01-03,1.432598614890594,2572714.941642761,2572716.3742413763
2025-01-06,1.432598614890594,2609394.1178588867,2609395.550457502
2025-01-07,1.432598614890594,2624415.0053596497,2624416.4379582647
2025-01-08,1.432598614890594,2607302.423664093,2607303.856262708
2025-01-09,1.432598614890594,2561406.031894684,2561407.464493299
2025-01-10,1.432598614890594,2572269.8738708496,2572271.3064694647
2025-01-13,1.432598614890594,2490282.94562912,2490284.378227735
2025-01-14,1.432598614890594,2516600.768135071,2516602.200733686
2025-01-15,1.432598614890594,2449691.044921875,2449692.47752049
2025-01-16,1.432598614890594,2504378.8600769043,2504380.2926755194
2025-01-17,516585.05139517103,1975826.8707809448,2492411.9221761157
2025-01-20,516585.05139517103,2018504.4822235107,2535089.5336186816
2025-01-21,516585.05139517103,2010292.6170539856,2526877.6684491565
2025-01-22,516585.05139517103,2048924.9608459473,2565510.012241118
2025-02-03,516585.05139517103,1955759.8708992004,2472344.9222943713
2025-02-04,516585.05139517103,1971892.9777488708,2488478.0291440417
2025-02-05,516585.05139517103,1997598.9652633667,2514184.0166585376
2025-02-06,516585.05139517103,2011956.16065979,2528541.212054961
2025-02-07,516585.05139517103,2039118.7024879456,2555703.7538831164
2025-02-10,516585.05139517103,2041788.155090332,2558373.206485503
2025-02-11,516585.05139517103,2049157.9801063538,2565743.0315015246
2025-02-12,516585.05139517103,2055561.9997940063,2572147.051189177
2025-02-13,516585.05139517103,2044641.685848236,2561226.737243407
2025-02-14,516585.05139517103,2003891.0831832886,2520476.1345784594
2025-02-17,516585.05139517103,2014855.1448554993,2531440.19625067
2025-02-18,516585.05139517103,2038093.1561927795,2554678.2075879504
2025-02-19,516585.05139517103,2035251.5652618408,2551836.6166570117
2025-02-20,516585.05139517103,2042730.4636383057,2559315.5150334765
2025-02-21,516585.05139517103,2051390.703956604,2567975.755351775
2025-02-24,516585.05139517103,2051508.3410949707,2568093.3924901416
2025-02-25,6325.842792961979,2543434.1660499573,2549760.008842919
2025-02-26,6325.842792961979,2562227.763446808,2568553.6062397696
2025-02-27,500401.4530168205,2058739.9347610474,2559141.3877778677
2025-03-03,955795.7184499515,1580849.5550498962,2536645.273499848
2025-03-04,955795.7184499515,1582860.1536827087,2538655.8721326604
2025-03-05,955795.7184499515,1609610.6125297546,2565406.3309797063
2025-03-06,955795.7184499515,1714282.8469810486,2670078.565431
2025-03-07,2690850.123148893,0.0,2690850.123148893
2025-03-10,2690850.123148893,0.0,2690850.123148893
2025-03-11,2690850.123148893,0.0,2690850.123148893
2025-03-12,2690850.123148893,0.0,2690850.123148893
2025-03-13,2690850.123148893,0.0,2690850.123148893
2025-03-14,2690850.123148893,0.0,2690850.123148893
2025-03-17,2690850.123148893,0.0,2690850.123148893
2025-03-18,2690850.123148893,0.0,2690850.123148893
2025-03-19,2690850.123148893,0.0,2690850.123148893
2025-03-20,2690850.123148893,0.0,2690850.123148893
2025-03-21,2690850.123148893,0.0,2690850.123148893
2025-03-24,2690850.123148893,0.0,2690850.123148893
2025-03-25,2690850.123148893,0.0,2690850.123148893
2025-03-26,2690850.123148893,0.0,2690850.123148893
2025-03-27,2690850.123148893,0.0,2690850.123148893
2025-03-28,2690850.123148893,0.0,2690850.123148893
2025-03-31,2690850.123148893,0.0,2690850.123148893
2025-04-01,2690850.123148893,0.0,2690850.123148893
2025-04-02,2690850.123148893,0.0,2690850.123148893
2025-04-07,2690850.123148893,0.0,2690850.123148893
2025-04-08,2690850.123148893,0.0,2690850.123148893
2025-04-09,2690850.123148893,0.0,2690850.123148893
2025-04-10,2690850.123148893,0.0,2690850.123148893
2025-04-11,2690850.123148893,0.0,2690850.123148893
2025-04-14,2690850.123148893,0.0,2690850.123148893
2025-04-15,2690850.123148893,0.0,2690850.123148893
2025-04-16,2690850.123148893,0.0,2690850.123148893
2025-04-17,2690850.123148893,0.0,2690850.123148893
2025-04-18,2690850.123148893,0.0,2690850.123148893
2025-04-21,2690850.123148893,0.0,2690850.123148893
2025-04-22,2690850.123148893,0.0,2690850.123148893
2025-04-23,2690850.123148893,0.0,2690850.123148893
2025-04-24,2690850.123148893,0.0,2690850.123148893
2025-04-25,2690850.123148893,0.0,2690850.123148893
2025-04-28,2690850.123148893,0.0,2690850.123148893
2025-04-29,2690850.123148893,0.0,2690850.123148893
2025-04-30,2690850.123148893,0.0,2690850.123148893
2025-05-02,2690850.123148893,0.0,2690850.123148893
2025-05-05,2690850.123148893,0.0,2690850.123148893
2025-05-06,2690850.123148893,0.0,2690850.123148893
2025-05-07,2690850.123148893,0.0,2690850.123148893
2025-05-08,2690850.123148893,0.0,2690850.123148893
2025-05-09,2690850.123148893,0.0,2690850.123148893
2025-05-12,2690850.123148893,0.0,2690850.123148893
2025-05-13,2690850.123148893,0.0,2690850.123148893
2025-05-14,2690850.123148893,0.0,2690850.123148893
2025-05-15,2690850.123148893,0.0,2690850.123148893
2025-05-16,2690850.123148893,0.0,2690850.123148893
2025-05-19,2690850.123148893,0.0,2690850.123148893
2025-05-20,2690850.123148893,0.0,2690850.123148893
2025-05-21,2690850.123148893,0.0,2690850.123148893
2025-05-22,2690850.123148893,0.0,2690850.123148893
2025-05-23,2690850.123148893,0.0,2690850.123148893
2025-05-26,2690850.123148893,0.0,2690850.123148893
2025-05-27,2690850.123148893,0.0,2690850.123148893
2025-05-28,2690850.123148893,0.0,2690850.123148893
2025-05-29,2152867.152031333,545119.1685180664,2697986.3205493996
2025-06-02,2152867.152031333,519804.0021972656,2672671.154228599
2025-06-03,1085885.695106445,1581749.9294433594,2667635.6245498043
2025-06-04,21196.164210102987,2636991.8840942383,2658188.0483043413
2025-06-05,21196.164210102987,2660776.176208496,2681972.340418599
2025-06-06,494540.8525594794,2118465.40826416,2613006.2608236396
2025-06-09,494540.8525594794,2196040.903503418,2690581.7560628974
2025-06-10,494540.8525594794,2237840.5993652344,2732381.451924714
2025-06-11,494540.8525594794,2279694.79095459,2774235.6435140693
2025-06-12,494540.8525594794,2291978.3560180664,2786519.208577546
2025-06-13,494540.8525594794,2296576.4931030273,2791117.3456625068
2025-06-16,494540.8525594794,2305081.0911865234,2799621.943746003
2025-06-17,494540.8525594794,2328553.020751953,2823093.8733114325
2025-06-18,494540.8525594794,2333420.155944824,2827961.0085043036
2025-06-19,494540.8525594794,2342739.2373046875,2837280.089864167
2025-06-20,91.97111955180299,2813303.1666259766,2813395.1377455285
2025-06-23,91.97111955180299,2823835.6901245117,2823927.6612440636
2025-06-24,91.97111955180299,2886756.1700439453,2886848.141163497
2025-06-25,91.97111955180299,2910348.286682129,2910440.257801681
2025-06-26,91.97111955180299,2930827.303527832,2930919.274647384
2025-06-27,91.97111955180299,2958245.1275634766,2958337.0986830285
2025-06-30,91.97111955180299,2985309.1126708984,2985401.0837904504
2025-07-01,91.97111955180299,2970992.12890625,2971084.100025802
2025-07-02,91.97111955180299,2925559.4528808594,2925651.4240004113
2025-07-03,91.97111955180299,2931397.7094726562,2931489.680592208
2025-07-04,91.97111955180299,2862725.3615722656,2862817.3326918175
2025-07-07,91.97111955180299,2858488.197631836,2858580.168751388
2025-07-08,91.97111955180299,2900106.010040283,2900197.981159835
2025-07-09,91.97111955180299,2938585.965698242,2938677.936817794
2025-07-10,91.97111955180299,2913480.176147461,2913572.147267013
2025-07-11,91.97111955180299,2905356.5262145996,2905448.4973341515
2025-07-14,91.97111955180299,2839118.530303955,2839210.501423507
2025-07-15,91.97111955180299,2907933.713531494,2908025.684651046
2025-07-16,91.97111955180299,2963947.770843506,2964039.741963058
2025-07-17,91.97111955180299,3006133.1860046387,3006225.1571241906
2025-07-18,91.97111955180299,3074244.1293029785,3074336.1004225304
2025-07-21,91.97111955180299,3127321.427154541,3127413.398274093
2025-07-22,469155.21403751406,2587335.7857666016,3056490.999804116
2025-07-23,469155.21403751406,2590876.241027832,3060031.4550653463
2025-07-24,469155.21403751406,2634928.2065429688,3104083.420580483
2025-07-25,469155.21403751406,2605981.2786254883,3075136.4926630026
2025-07-28,469155.21403751406,2620041.2059936523,3089196.4200311666
2025-07-29,469155.21403751406,2561124.4663085938,3030279.680346108
2025-07-30,469155.21403751406,2574521.9809570312,3043677.1949945455
2025-07-31,469155.21403751406,2675203.3692626953,3144358.5833002096
2025-08-04,79.55656476388685,3130265.292602539,3130344.849167303
2025-08-05,79.55656476388685,3182549.9982299805,3182629.5547947446
2025-08-06,79.55656476388685,3218913.3170776367,3218992.873642401
2025-08-07,79.55656476388685,3344814.4916381836,3344894.0482029477
2025-08-08,79.55656476388685,3426650.09954834,3426729.656113104
2025-08-11,79.55656476388685,3528945.7283325195,3529025.2848972837
2025-08-12,79.55656476388685,3458570.3451538086,3458649.9017185727
2025-08-13,79.55656476388685,3445098.0864257812,3445177.6429905454
2025-08-14,79.55656476388685,3516343.2865600586,3516422.8431248227
2025-08-15,79.55656476388685,3521978.2485351562,3522057.8050999204
2025-08-18,79.55656476388685,3657445.0947265625,3657524.6512913266
2025-08-19,79.55656476388685,3605968.411254883,3606047.967819647
2025-08-20,79.55656476388685,3489895.6087646484,3489975.1653294126
2025-08-21,79.55656476388685,3590701.132751465,3590780.689316229
2025-08-22,79.55656476388685,3613685.0056762695,3613764.5622410337
2025-08-25,79.55656476388685,3745517.778076172,3745597.334640936
2025-08-26,79.55656476388685,3827824.712036133,3827904.268600897
2025-08-27,79.55656476388685,3816454.889038086,3816534.44560285
2025-08-28,79.55656476388685,3811157.926940918,3811237.483505682
2025-08-29,79.55656476388685,3989220.9385375977,3989300.495102362
2025-09-01,79.55656476388685,3925860.2713012695,3925939.8278660337
2025-09-02,79.55656476388685,3896897.117248535,3896976.6738132993
2025-09-03,79.55656476388685,3960488.3821411133,3960567.9387058774
2025-09-04,79.55656476388685,3988251.692199707,3988331.248764471
2025-09-05,79.55656476388685,4100892.4728393555,4100972.0294041196
2025-09-08,79.55656476388685,4132362.017272949,4132441.5738377133
2025-09-09,79.55656476388685,4172365.6467285156,4172445.2032932797
2025-09-10,79.55656476388685,4244184.994445801,4244264.551010565
2025-09-11,79.55656476388685,4173925.1029052734,4174004.6594700376
2025-09-12,79.55656476388685,4123350.8743286133,4123430.4308933774
2025-09-15,79.55656476388685,4099031.8198242188,4099111.376388983
2025-09-16,79.55656476388685,4143101.25579834,4143180.812363104
2025-09-17,79.55656476388685,4137763.022644043,4137842.579208807
2025-09-18,79.55656476388685,4261661.959838867,4261741.516403631
2025-09-19,79.55656476388685,4151132.980102539,4151212.536667303
2025-09-22,79.55656476388685,4127289.208129883,4127368.764694647
2025-09-23,79.55656476388685,4155298.5274658203,4155378.0840305844
2025-09-24,79.55656476388685,4054410.4786987305,4054490.0352634946
2025-09-25,79.55656476388685,3991402.2189941406,3991481.7755589047
2025-09-26,79.55656476388685,3909960.5063476562,3910040.0629124204
2025-09-30,79.55656476388685,4084704.0138549805,4084783.5704197446
2025-10-01,79.55656476388685,4213263.632751465,4213343.189316229
2025-10-02,79.55656476388685,4246675.349304199,4246754.905868963
2025-10-03,79.55656476388685,4217200.827880859,4217280.3844456235
2025-10-07,79.55656476388685,4227580.337585449,4227659.894150213
2025-10-08,79.55656476388685,4206120.195068359,4206199.7516331235
2025-10-09,79.55656476388685,4237359.944091797,4237439.500656561
2025-10-13,79.55656476388685,4212433.933349609,4212513.4899143735
2025-10-14,457903.435222937,3757017.272705078,4214920.707928015
2025-10-15,457903.435222937,3908930.289916992,4366833.725139929
2025-10-16,457903.435222937,3934567.3868408203,4392470.822063757
2025-10-17,1131.9764353937353,4258328.286743164,4259460.263178558
2025-10-20,1131.9764353937353,4292637.9931640625,4293769.9695994565
2025-10-21,1131.9764353937353,4353879.372192383,4355011.348627777
2025-10-22,1131.9764353937353,4371259.319702148,4372391.296137542
2025-10-23,1131.9764353937353,4376734.403808594,4377866.380243988
2025-10-27,1131.9764353937353,4500235.515136719,4501367.491572113
2025-10-28,1131.9764353937353,4519400.55859375,4520532.535029144
2025-10-29,1131.9764353937353,4690471.669921875,4691603.646357269
2025-10-30,1131.9764353937353,4784713.593139648,4785845.569575042
2025-10-31,1131.9764353937353,4848631.230712891,4849763.207148285
2025-11-03,1131.9764353937353,4877421.193603516,4878553.17003891
2025-11-04,1131.9764353937353,4701895.205444336,4703027.18187973
2025-11-05,1131.9764353937353,4707426.468383789,4708558.444819183
2025-11-06,1131.9764353937353,4756332.145629883,4757464.122065277
2025-11-07,1131.9764353937353,4714585.177612305,4715717.154047699
2025-11-10,1131.9764353937353,4743378.287963867,4744510.264399261
2025-11-11,1131.9764353937353,4649249.242553711,4650381.218989105
2025-11-12,1131.9764353937353,4680617.422241211,4681749.398676605
2025-11-13,1131.9764353937353,4799260.7763671875,4800392.7528025815
2025-11-14,1131.9764353937353,4716462.517089844,4717594.493525238
2025-11-17,1131.9764353937353,4684831.510498047,4685963.486933441
2025-11-18,1131.9764353937353,4636519.044677734,4637651.021113128
2025-11-19,1131.9764353937353,4718110.928100586,4719242.90453598
2025-11-20,1131.9764353937353,4960384.054931641,4961516.031367035
2025-11-21,1131.9764353937353,4731635.468017578,4732767.444452972
2025-11-24,1131.9764353937353,4898723.892822266,4899855.86925766
2025-11-25,1131.9764353937353,4977611.444091797,4978743.420527191
2025-11-26,1131.9764353937353,4898401.626831055,4899533.603266449
2025-11-27,1131.9764353937353,5151673.678955078,5152805.655390472
2025-11-28,1131.9764353937353,5323025.188232422,5324157.164667816
2025-12-01,1131.9764353937353,5076510.541381836,5077642.51781723
2025-12-02,1131.9764353937353,5049155.420166016,5050287.39660141
2025-12-03,1131.9764353937353,5209172.039916992,5210304.016352386
2025-12-04,1131.9764353937353,5160159.239868164,5161291.216303558
2025-12-05,1131.9764353937353,5246708.132446289,5247840.108881683
2025-12-08,1131.9764353937353,5276326.533325195,5277458.509760589
2025-12-09,1131.9764353937353,5245526.572631836,5246658.54906723
2025-12-10,1131.9764353937353,5350878.134399414,5352010.110834808
2025-12-11,1131.9764353937353,5391708.381469727,5392840.357905121
2025-12-12,1131.9764353937353,5438984.7236328125,5440116.7000682065
2025-12-15,1131.9764353937353,5318411.124267578,5319543.100702972
2025-12-16,1131.9764353937353,5240244.855224609,5241376.831660003
2025-12-17,1131.9764353937353,5209895.97253418,5211027.948969574
2025-12-18,1131.9764353937353,5183349.508056641,5184481.484492035
2025-12-19,1131.9764353937353,5224299.79309082,5225431.769526214
2025-12-22,1131.9764353937353,5282657.834716797,5283789.811152191
2025-12-23,1131.9764353937353,5322263.442993164,5323395.419428558
2025-12-24,1131.9764353937353,5333080.143310547,5334212.119745941
2025-12-26,1131.9764353937353,5419786.91809082,5420918.894526214
2025-12-29,1131.9764353937353,5421938.778930664,5423070.755366058
2025-12-30,1131.9764353937353,5477352.216064453,5478484.192499847
2025-12-31,1131.9764353937353,5448028.3193359375,5449160.2957713315
2026-01-02,1131.9764353937353,5359749.510620117,5360881.487055511
2026-01-05,76.58265679364558,5289625.762573242,5289702.3452300355
2026-01-06,76.58265679364558,5355674.744995117,5355751.3276519105
2026-01-07,76.58265679364558,5532912.049560547,5532988.63221734
2026-01-08,76.58265679364558,5443205.076904297,5443281.65956109
2026-01-09,76.58265679364558,5527769.652954102,5527846.235610895
2026-01-12,76.58265679364558,5704819.067993164,5704895.650649957
2026-01-13,76.58265679364558,5658976.090087891,5659052.672744684
2026-01-14,76.58265679364558,5718087.369384766,5718163.952041559
2026-01-15,76.58265679364558,5672725.532470703,5672802.115127496
2026-01-16,76.58265679364558,5759687.575317383,5759764.157974176
2026-01-19,76.58265679364558,5752793.448730469,5752870.031387262
2026-01-20,76.58265679364558,5966570.363525391,5966646.946182184
2026-01-21,76.58265679364558,5915432.85168457,5915509.434341364
2026-01-22,76.58265679364558,6121553.771118164,6121630.353774957
2026-01-23,76.58265679364558,6223729.301391602,6223805.884048395
2026-01-26,76.58265679364558,6214311.405639648,6214387.988296442
2026-01-27,76.58265679364558,6244229.337402344,6244305.920059137
2026-01-28,76.58265679364558,6266432.932495117,6266509.5151519105
2026-01-29,76.58265679364558,6244358.466796875,6244435.049453668
2026-01-30,76.58265679364558,6167710.687988281,6167787.270645075
2026-02-02,76.58265679364558,6179206.434082031,6179283.016738825
2026-02-03,76.58265679364558,6417793.571533203,6417870.154189996
2026-02-04,76.58265679364558,6368561.752685547,6368638.33534234
2026-02-05,76.58265679364558,6206482.072265625,6206558.654922418
2026-02-06,76.58265679364558,6164284.09753418,6164360.680190973
2026-02-09,76.58265679364558,6467189.958618164,6467266.541274957
2026-02-10,76.58265679364558,6645634.800170898,6645711.382827692
2026-02-11,76.58265679364558,6814479.435791016,6814556.018447809
2026-02-23,76.58265679364558,7112528.767456055,7112605.350112848
2026-02-24,76.58265679364558,7285772.01965332,7285848.602310114
2026-02-25,76.58265679364558,7484993.247680664,7485069.830337457
2026-02-26,76.58265679364558,7755370.354980469,7755446.937637262
2026-03-02,76.58265679364558,7740422.412353516,7740498.995010309
2026-03-03,76.58265679364558,7496022.172485352,7496098.755142145
2026-03-04,76.58265679364558,7129947.378173828,7130023.960830621
2026-03-05,76.58265679364558,7534154.96862793,7534231.551284723
2026-03-06,76.58265679364558,7565631.374145508,7565707.956802301
2026-03-09,76.58265679364558,7050093.348266602,7050169.930923395
2026-03-10,76.58265679364558,7438937.588134766,7439014.170791559
2026-03-11,76.58265679364558,7814501.041625977,7814577.62428277
2026-03-12,76.58265679364558,7775546.32434082,7775622.906997614
2026-03-13,76.58265679364558,7527742.9921875,7527819.574844293
2026-03-16,76.58265679364558,7406892.509521484,7406969.092178278
2026-03-17,76.58265679364558,7689202.986083984,7689279.568740778
2026-03-18,76.58265679364558,7926944.365844727,7927020.94850152
2026-03-19,76.58265679364558,7798129.675292969,7798206.257949762
2026-03-20,76.58265679364558,7727167.322753906,7727243.9054107
2026-03-23,76.58265679364558,7463634.780517578,7463711.363174371
2026-03-24,76.58265679364558,7311876.0166015625,7311952.599258356
2026-03-25,76.58265679364558,7722777.071899414,7722853.654556207
2026-03-26,76.58265679364558,7625844.277587891,7625920.860244684
2026-03-27,76.58265679364558,7619898.293212891,7619974.875869684
2026-03-30,76.58265679364558,7473118.55859375,7473195.141250543
2026-03-31,76.58265679364558,7080901.738525391,7080978.321182184
2026-04-01,76.58265679364558,7598402.674926758,7598479.257583551
2026-04-02,76.58265679364558,7359948.971435547,7360025.55409234
2026-04-07,76.58265679364558,7544364.543212891,7544441.125869684
2026-04-08,76.58265679364558,8074381.2294921875,8074457.812148981
2026-04-09,76.58265679364558,8313413.403686523,8313489.986343317
2026-04-10,76.58265679364558,8175405.727294922,8175482.309951715
2026-04-13,76.58265679364558,8201882.005126953,8201958.587783746
2026-04-14,76.58265679364558,8185013.616455078,8185090.199111871
2026-04-15,76.58265679364558,8577386.677001953,8577463.259658746
2026-04-16,76.58265679364558,8856403.729492188,8856480.31214898
2026-04-17,76.58265679364558,9286054.600097656,9286131.18275445
2026-04-20,76.58265679364558,9158629.986450195,9158706.569106989
2026-04-21,76.58265679364558,9285821.104003906,9285897.6866607
2026-04-22,76.58265679364558,9464542.559814453,9464619.142471246
2026-04-23,76.58265679364558,9371252.796142578,9371329.378799371
2026-04-24,76.58265679364558,9338394.34741211,9338470.930068903
2026-04-27,76.58265679364558,9345968.742675781,9346045.325332575
2026-04-28,76.58265679364558,9597582.770507812,9597659.353164606
2026-04-29,76.58265679364558,9825076.3359375,9825152.918594293
2026-04-30,76.58265679364558,9712782.962402344,9712859.545059137
2026-05-04,76.58265679364558,10229659.043945312,10229735.626602106
2026-05-05,76.58265679364558,10001840.790283203,10001917.372939996
2026-05-06,76.58265679364558,10006544.699951172,10006621.282607965
2026-05-07,76.58265679364558,9896064.934326172,9896141.516982965
2026-05-08,76.58265679364558,9630205.98071289,9630282.563369684
2026-05-11,76.58265679364558,10323662.426269531,10323739.008926325
2026-05-12,76.58265679364558,10643471.188964844,10643547.771621637
2026-05-13,76.58265679364558,10718550.181396484,10718626.764053278
2026-05-14,76.58265679364558,10510278.774658203,10510355.357314996
2026-05-15,76.58265679364558,10141312.45727539,10141389.039932184
2026-05-18,1258100.2057507937,8550191.673828125,9808291.879578918
2026-05-19,1258100.2057507937,8331526.41796875,9589626.623719543
2026-05-20,1258100.2057507937,8545541.91821289,9803642.123963684
2026-05-21,1258100.2057507937,9264489.139648438,10522589.34539923
2026-05-22,1258100.2057507937,9289337.221679688,10547437.42743048
2026-05-25,1258100.2057507937,9503077.59350586,10761177.799256653
2026-05-26,1258100.2057507937,9720252.064208984,10978352.269959778
2026-05-27,1258100.2057507937,9940151.017089844,11198251.222840637
2026-05-28,1258100.2057507937,9822605.038574219,11080705.244325012
2026-05-29,1258100.2057507937,10000657.244140625,11258757.449891418
2026-06-01,1258100.2057507937,9823875.654785156,11081975.86053595
2026-06-02,1258100.2057507937,9524829.975097656,10782930.18084845
2026-06-03,132.69330197852105,11115223.373962402,11115356.067264382
2026-06-04,132.69330197852105,11084874.379699707,11085007.073001686
2026-06-05,973860.6658441985,9726693.081298828,10700553.747143026
2026-06-08,973860.6658441985,9384094.5703125,10357955.236156698
2026-06-09,973860.6658441985,9265239.77709961,10239100.442943808
2026-06-10,973860.6658441985,8913164.811035156,9887025.476879355
2026-06-11,945.6747961986111,9958422.340820312,9959368.015616512
2026-06-12,945.6747961986111,10252685.971191406,10253631.645987606
2026-06-15,945.6747961986111,10260371.589355469,10261317.264151668
2026-06-16,945.6747961986111,10528982.0,10529927.6747962
2026-06-17,3952270.489201699,6419541.0,10371811.489201698
2026-06-18,3952270.489201699,6576558.0,10528828.489201698
2026-06-22,3952270.489201699,6596451.0,10548721.489201698
2026-06-23,3952270.489201699,6542169.0,10494439.489201698
2026-06-24,3952270.489201699,6416010.0,10368280.489201698
2026-06-25,3952270.489201699,6564441.0,10516711.489201698
2026-06-26,1894377.2522020992,8359741.0,10254118.2522021
2026-06-29,1894377.2522020992,8542902.0,10437279.2522021
2026-06-30,1894377.2522020992,8752517.0,10646894.2522021
2026-07-01,1894377.2522020992,8798549.0,10692926.2522021
2026-07-02,1894377.2522020992,8598922.0,10493299.2522021
2026-07-03,1894377.2522020992,8679135.0,10573512.2522021
